<?xml version="1.0" encoding="UTF-8"?>
<LearningStandards>
  <LearningStandardItem xml:lang="en" RefID="6538460CCF7B48639ED64F8E2E6FB463">
    <RefURI>http://corestandards.org/ELA-Literacy/L/7/1/c/</RefURI>
    <StandardHierarchyLevel>
      <number>6</number>
      <description>Component</description>
    </StandardHierarchyLevel>
    <StatementCodes>
      <StatementCode>CCSS.ELA-Literacy.L.7.1c</StatementCode>
    </StatementCodes>
    <Statements>
      <Statement>Place phrases and clauses within a sentence, recognizing and correcting misplaced and dangling modifiers.*</Statement>
    </Statements>
    <GradeLevels>
      <GradeLevel>07</GradeLevel>
    </GradeLevels>
    <LearningStandardDocumentRefId>0FAC40650F514a459951A657F942B845</LearningStandardDocumentRefId>
    <RelatedLearningStandardItems>
      <LearningStandardItemRefId RelationshipType="childOf">D398CACA50CF4637B39338C11FCE770F</LearningStandardItemRefId>
    </RelatedLearningStandardItems>
  </LearningStandardItem>
</LearningStandards>
