<?xml version="1.0" encoding="UTF-8"?>
<LearningStandards>
  <LearningStandardItem xml:lang="en" RefID="903CDE55BC094a8d92DD2BFD049A534C">
    <RefURI>http://corestandards.org/ELA-Literacy/CCRA/W/7/</RefURI>
    <StandardHierarchyLevel>
      <number>6</number>
      <description>Standard</description>
    </StandardHierarchyLevel>
    <StatementCodes>
      <StatementCode>CCSS.ELA-Literacy.CCRA.W.7</StatementCode>
    </StatementCodes>
    <Statements>
      <Statement>Conduct short as well as more sustained research projects based on focused questions, demonstrating understanding of the subject under investigation.</Statement>
    </Statements>
    <GradeLevels>
      <GradeLevel>K</GradeLevel>
      <GradeLevel>01</GradeLevel>
      <GradeLevel>02</GradeLevel>
      <GradeLevel>03</GradeLevel>
      <GradeLevel>04</GradeLevel>
      <GradeLevel>05</GradeLevel>
      <GradeLevel>06</GradeLevel>
      <GradeLevel>07</GradeLevel>
      <GradeLevel>08</GradeLevel>
      <GradeLevel>09</GradeLevel>
      <GradeLevel>10</GradeLevel>
      <GradeLevel>11</GradeLevel>
      <GradeLevel>12</GradeLevel>
    </GradeLevels>
    <LearningStandardDocumentRefId>0FAC40650F514a459951A657F942B845</LearningStandardDocumentRefId>
  </LearningStandardItem>
</LearningStandards>
