<?xml version="1.0" encoding="UTF-8"?>
<LearningStandards>
  <LearningStandardItem xml:lang="en" RefID="218D8BCC9F91488193A6C4F92492A644">
    <RefURI>http://corestandards.org/ELA-Literacy/L/1/2/a/</RefURI>
    <StandardHierarchyLevel>
      <number>6</number>
      <description>Component</description>
    </StandardHierarchyLevel>
    <StatementCodes>
      <StatementCode>CCSS.ELA-Literacy.L.1.2a</StatementCode>
    </StatementCodes>
    <Statements>
      <Statement>Capitalize dates and names of people.</Statement>
    </Statements>
    <GradeLevels>
      <GradeLevel>01</GradeLevel>
    </GradeLevels>
    <LearningStandardDocumentRefId>0FAC40650F514a459951A657F942B845</LearningStandardDocumentRefId>
    <RelatedLearningStandardItems>
      <LearningStandardItemRefId RelationshipType="childOf">E96639EA8D474a4cA959F62E863F2638</LearningStandardItemRefId>
    </RelatedLearningStandardItems>
  </LearningStandardItem>
</LearningStandards>
