<?xml version="1.0" encoding="UTF-8"?>
<LearningStandards>
  <LearningStandardItem xml:lang="en" RefID="356779D83CF248ac9EEF2E43246B9D16">
    <RefURI>http://corestandards.org/ELA-Literacy/L/4/5/a/</RefURI>
    <StandardHierarchyLevel>
      <number>6</number>
      <description>Component</description>
    </StandardHierarchyLevel>
    <StatementCodes>
      <StatementCode>CCSS.ELA-Literacy.L.4.5a</StatementCode>
    </StatementCodes>
    <Statements>
      <Statement>Explain the meaning of simple similes and metaphors (e.g., &lt;em&gt;as pretty as a picture&lt;/em&gt;) in context.</Statement>
    </Statements>
    <GradeLevels>
      <GradeLevel>04</GradeLevel>
    </GradeLevels>
    <LearningStandardDocumentRefId>0FAC40650F514a459951A657F942B845</LearningStandardDocumentRefId>
    <RelatedLearningStandardItems>
      <LearningStandardItemRefId RelationshipType="childOf">79054EEDC566490cA43F74C5BE458D8F</LearningStandardItemRefId>
    </RelatedLearningStandardItems>
  </LearningStandardItem>
</LearningStandards>
