<?xml version="1.0" encoding="UTF-8"?>
<LearningStandards>
  <LearningStandardItem xml:lang="en" RefID="D86507ACEF3D4a6d90C15A8B8C8EC18E">
    <RefURI>http://corestandards.org/ELA-Literacy/L/K/4/</RefURI>
    <StandardHierarchyLevel>
      <number>6</number>
      <description>Standard</description>
    </StandardHierarchyLevel>
    <StatementCodes>
      <StatementCode>CCSS.ELA-Literacy.L.K.4</StatementCode>
    </StatementCodes>
    <Statements>
      <Statement>Determine or clarify the meaning of unknown and multiple-meaning words and phrases based on kindergarten reading and content.</Statement>
    </Statements>
    <GradeLevels>
      <GradeLevel>K</GradeLevel>
    </GradeLevels>
    <LearningStandardDocumentRefId>0FAC40650F514a459951A657F942B845</LearningStandardDocumentRefId>
    <RelatedLearningStandardItems>
      <LearningStandardItemRefId RelationshipType="childOf">AEF7E7CDDA614bf2BFA9FEEB0CE9F7DF</LearningStandardItemRefId>
    </RelatedLearningStandardItems>
  </LearningStandardItem>
  <LearningStandardItem xml:lang="en" RefID="E16D0A40BE79488e982584230815A698">
    <RefURI>http://corestandards.org/ELA-Literacy/L/K/4/a/</RefURI>
    <StandardHierarchyLevel>
      <number>7</number>
      <description>Component</description>
    </StandardHierarchyLevel>
    <StatementCodes>
      <StatementCode>CCSS.ELA-Literacy.L.K.4a</StatementCode>
    </StatementCodes>
    <Statements>
      <Statement>Identify new meanings for familiar words and apply them accurately (e.g., knowing &lt;em&gt;duck&lt;/em&gt; is a bird and learning the verb to &lt;em&gt;duck&lt;/em&gt;).</Statement>
    </Statements>
    <GradeLevels>
      <GradeLevel>K</GradeLevel>
    </GradeLevels>
    <LearningStandardDocumentRefId>0FAC40650F514a459951A657F942B845</LearningStandardDocumentRefId>
    <RelatedLearningStandardItems>
      <LearningStandardItemRefId RelationshipType="childOf">D86507ACEF3D4a6d90C15A8B8C8EC18E</LearningStandardItemRefId>
    </RelatedLearningStandardItems>
  </LearningStandardItem>
  <LearningStandardItem xml:lang="en" RefID="1EC5106752AF4355913AFA5236DB42EC">
    <RefURI>http://corestandards.org/ELA-Literacy/L/K/4/b/</RefURI>
    <StandardHierarchyLevel>
      <number>7</number>
      <description>Component</description>
    </StandardHierarchyLevel>
    <StatementCodes>
      <StatementCode>CCSS.ELA-Literacy.L.K.4b</StatementCode>
    </StatementCodes>
    <Statements>
      <Statement>Use the most frequently occurring inflections and affixes (e.g., &lt;em&gt;-ed, -s, re-, un-, pre-, -ful, -less&lt;/em&gt;) as a clue to the meaning of an unknown word.</Statement>
    </Statements>
    <GradeLevels>
      <GradeLevel>K</GradeLevel>
    </GradeLevels>
    <LearningStandardDocumentRefId>0FAC40650F514a459951A657F942B845</LearningStandardDocumentRefId>
    <RelatedLearningStandardItems>
      <LearningStandardItemRefId RelationshipType="childOf">D86507ACEF3D4a6d90C15A8B8C8EC18E</LearningStandardItemRefId>
    </RelatedLearningStandardItems>
  </LearningStandardItem>
</LearningStandards>
