<?xml version="1.0" encoding="UTF-8"?>
<LearningStandards>
  <LearningStandardItem xml:lang="en" RefID="BFCE06D4C53E4d7f96AA9C05E683B701">
    <RefURI>http://corestandards.org/ELA-Literacy/L/K/5/</RefURI>
    <StandardHierarchyLevel>
      <number>6</number>
      <description>Standard</description>
    </StandardHierarchyLevel>
    <StatementCodes>
      <StatementCode>CCSS.ELA-Literacy.L.K.5</StatementCode>
    </StatementCodes>
    <Statements>
      <Statement>With guidance and support from adults, explore word relationships and nuances in word meanings.</Statement>
    </Statements>
    <GradeLevels>
      <GradeLevel>K</GradeLevel>
    </GradeLevels>
    <LearningStandardDocumentRefId>0FAC40650F514a459951A657F942B845</LearningStandardDocumentRefId>
    <RelatedLearningStandardItems>
      <LearningStandardItemRefId RelationshipType="childOf">AEF7E7CDDA614bf2BFA9FEEB0CE9F7DF</LearningStandardItemRefId>
    </RelatedLearningStandardItems>
  </LearningStandardItem>
  <LearningStandardItem xml:lang="en" RefID="1C1335A4AFCB4f29B24E784AD3D90309">
    <RefURI>http://corestandards.org/ELA-Literacy/L/K/5/a/</RefURI>
    <StandardHierarchyLevel>
      <number>7</number>
      <description>Component</description>
    </StandardHierarchyLevel>
    <StatementCodes>
      <StatementCode>CCSS.ELA-Literacy.L.K.5a</StatementCode>
    </StatementCodes>
    <Statements>
      <Statement>Sort common objects into categories (e.g., shapes, foods) to gain a sense of the concepts the categories represent.</Statement>
    </Statements>
    <GradeLevels>
      <GradeLevel>K</GradeLevel>
    </GradeLevels>
    <LearningStandardDocumentRefId>0FAC40650F514a459951A657F942B845</LearningStandardDocumentRefId>
    <RelatedLearningStandardItems>
      <LearningStandardItemRefId RelationshipType="childOf">BFCE06D4C53E4d7f96AA9C05E683B701</LearningStandardItemRefId>
    </RelatedLearningStandardItems>
  </LearningStandardItem>
  <LearningStandardItem xml:lang="en" RefID="E2C76D97C39043d182E37C3F44B8FF81">
    <RefURI>http://corestandards.org/ELA-Literacy/L/K/5/b/</RefURI>
    <StandardHierarchyLevel>
      <number>7</number>
      <description>Component</description>
    </StandardHierarchyLevel>
    <StatementCodes>
      <StatementCode>CCSS.ELA-Literacy.L.K.5b</StatementCode>
    </StatementCodes>
    <Statements>
      <Statement>Demonstrate understanding of frequently occurring verbs and adjectives by relating them to their opposites (antonyms).</Statement>
    </Statements>
    <GradeLevels>
      <GradeLevel>K</GradeLevel>
    </GradeLevels>
    <LearningStandardDocumentRefId>0FAC40650F514a459951A657F942B845</LearningStandardDocumentRefId>
    <RelatedLearningStandardItems>
      <LearningStandardItemRefId RelationshipType="childOf">BFCE06D4C53E4d7f96AA9C05E683B701</LearningStandardItemRefId>
    </RelatedLearningStandardItems>
  </LearningStandardItem>
  <LearningStandardItem xml:lang="en" RefID="6110B4EDB38D48c4AE39E2A515DBFB4A">
    <RefURI>http://corestandards.org/ELA-Literacy/L/K/5/c/</RefURI>
    <StandardHierarchyLevel>
      <number>7</number>
      <description>Component</description>
    </StandardHierarchyLevel>
    <StatementCodes>
      <StatementCode>CCSS.ELA-Literacy.L.K.5c</StatementCode>
    </StatementCodes>
    <Statements>
      <Statement>Identify real-life connections between words and their use (e.g., note places at school that are colorful).</Statement>
    </Statements>
    <GradeLevels>
      <GradeLevel>K</GradeLevel>
    </GradeLevels>
    <LearningStandardDocumentRefId>0FAC40650F514a459951A657F942B845</LearningStandardDocumentRefId>
    <RelatedLearningStandardItems>
      <LearningStandardItemRefId RelationshipType="childOf">BFCE06D4C53E4d7f96AA9C05E683B701</LearningStandardItemRefId>
    </RelatedLearningStandardItems>
  </LearningStandardItem>
  <LearningStandardItem xml:lang="en" RefID="45D15E689C1B41e7B8BA7C8989FF3E42">
    <RefURI>http://corestandards.org/ELA-Literacy/L/K/5/d/</RefURI>
    <StandardHierarchyLevel>
      <number>7</number>
      <description>Component</description>
    </StandardHierarchyLevel>
    <StatementCodes>
      <StatementCode>CCSS.ELA-Literacy.L.K.5d</StatementCode>
    </StatementCodes>
    <Statements>
      <Statement>Distinguish shades of meaning among verbs describing the same general action (e.g., &lt;em&gt;walk, march, strut, prance&lt;/em&gt;) by acting out the meanings.</Statement>
    </Statements>
    <GradeLevels>
      <GradeLevel>K</GradeLevel>
    </GradeLevels>
    <LearningStandardDocumentRefId>0FAC40650F514a459951A657F942B845</LearningStandardDocumentRefId>
    <RelatedLearningStandardItems>
      <LearningStandardItemRefId RelationshipType="childOf">BFCE06D4C53E4d7f96AA9C05E683B701</LearningStandardItemRefId>
    </RelatedLearningStandardItems>
  </LearningStandardItem>
</LearningStandards>
