<?xml version="1.0" encoding="UTF-8"?>
<LearningStandards>
  <LearningStandardItem xml:lang="en" RefID="755BC1A531884d5581F9479770EFCEC1">
    <RefURI>http://corestandards.org/ELA-Literacy/L/1/4/c/</RefURI>
    <StandardHierarchyLevel>
      <number>6</number>
      <description>Component</description>
    </StandardHierarchyLevel>
    <StatementCodes>
      <StatementCode>CCSS.ELA-Literacy.L.1.4c</StatementCode>
    </StatementCodes>
    <Statements>
      <Statement>Identify frequently occurring root words (e.g., &lt;em&gt;look&lt;/em&gt;) and their inflectional forms (e.g., &lt;em&gt;looks, looked, looking&lt;/em&gt;).</Statement>
    </Statements>
    <GradeLevels>
      <GradeLevel>01</GradeLevel>
    </GradeLevels>
    <LearningStandardDocumentRefId>0FAC40650F514a459951A657F942B845</LearningStandardDocumentRefId>
    <RelatedLearningStandardItems>
      <LearningStandardItemRefId RelationshipType="childOf">6432FBBE478242989943264B43742062</LearningStandardItemRefId>
    </RelatedLearningStandardItems>
  </LearningStandardItem>
</LearningStandards>
