<?xml version="1.0" encoding="UTF-8"?>
<LearningStandards>
  <LearningStandardItem xml:lang="en" RefID="E2C76D97C39043d182E37C3F44B8FF81">
    <RefURI>http://corestandards.org/ELA-Literacy/L/K/5/b/</RefURI>
    <StandardHierarchyLevel>
      <number>6</number>
      <description>Component</description>
    </StandardHierarchyLevel>
    <StatementCodes>
      <StatementCode>CCSS.ELA-Literacy.L.K.5b</StatementCode>
    </StatementCodes>
    <Statements>
      <Statement>Demonstrate understanding of frequently occurring verbs and adjectives by relating them to their opposites (antonyms).</Statement>
    </Statements>
    <GradeLevels>
      <GradeLevel>K</GradeLevel>
    </GradeLevels>
    <LearningStandardDocumentRefId>0FAC40650F514a459951A657F942B845</LearningStandardDocumentRefId>
    <RelatedLearningStandardItems>
      <LearningStandardItemRefId RelationshipType="childOf">BFCE06D4C53E4d7f96AA9C05E683B701</LearningStandardItemRefId>
    </RelatedLearningStandardItems>
  </LearningStandardItem>
</LearningStandards>
