<?xml version="1.0" encoding="UTF-8"?>
<LearningStandards>
  <LearningStandardItem xml:lang="en" RefID="CDB3FEEFC8174f3fA05ED9506BACA4F4">
    <RefURI>http://corestandards.org/ELA-Literacy/L/3/2/</RefURI>
    <StandardHierarchyLevel>
      <number>6</number>
      <description>Standard</description>
    </StandardHierarchyLevel>
    <StatementCodes>
      <StatementCode>CCSS.ELA-Literacy.L.3.2</StatementCode>
    </StatementCodes>
    <Statements>
      <Statement>Demonstrate command of the conventions of standard English capitalization, punctuation, and spelling when writing.</Statement>
    </Statements>
    <GradeLevels>
      <GradeLevel>03</GradeLevel>
    </GradeLevels>
    <LearningStandardDocumentRefId>0FAC40650F514a459951A657F942B845</LearningStandardDocumentRefId>
  </LearningStandardItem>
  <LearningStandardItem xml:lang="en" RefID="9047C0195A844aa8BEB715F58784E4C8">
    <RefURI>http://corestandards.org/ELA-Literacy/L/3/2/a/</RefURI>
    <StandardHierarchyLevel>
      <number>7</number>
      <description>Component</description>
    </StandardHierarchyLevel>
    <StatementCodes>
      <StatementCode>CCSS.ELA-Literacy.L.3.2a</StatementCode>
    </StatementCodes>
    <Statements>
      <Statement>Capitalize appropriate words in titles.</Statement>
    </Statements>
    <GradeLevels>
      <GradeLevel>03</GradeLevel>
    </GradeLevels>
    <LearningStandardDocumentRefId>0FAC40650F514a459951A657F942B845</LearningStandardDocumentRefId>
    <RelatedLearningStandardItems>
      <LearningStandardItemRefId RelationshipType="childOf">CDB3FEEFC8174f3fA05ED9506BACA4F4</LearningStandardItemRefId>
    </RelatedLearningStandardItems>
  </LearningStandardItem>
  <LearningStandardItem xml:lang="en" RefID="A3031FC048AE437eAA7BB361EDEEE01B">
    <RefURI>http://corestandards.org/ELA-Literacy/L/3/2/b/</RefURI>
    <StandardHierarchyLevel>
      <number>7</number>
      <description>Component</description>
    </StandardHierarchyLevel>
    <StatementCodes>
      <StatementCode>CCSS.ELA-Literacy.L.3.2b</StatementCode>
    </StatementCodes>
    <Statements>
      <Statement>Use commas in addresses.</Statement>
    </Statements>
    <GradeLevels>
      <GradeLevel>03</GradeLevel>
    </GradeLevels>
    <LearningStandardDocumentRefId>0FAC40650F514a459951A657F942B845</LearningStandardDocumentRefId>
    <RelatedLearningStandardItems>
      <LearningStandardItemRefId RelationshipType="childOf">CDB3FEEFC8174f3fA05ED9506BACA4F4</LearningStandardItemRefId>
    </RelatedLearningStandardItems>
  </LearningStandardItem>
  <LearningStandardItem xml:lang="en" RefID="584A071F8DC54eb395A75F91C9BEECD4">
    <RefURI>http://corestandards.org/ELA-Literacy/L/3/2/c/</RefURI>
    <StandardHierarchyLevel>
      <number>7</number>
      <description>Component</description>
    </StandardHierarchyLevel>
    <StatementCodes>
      <StatementCode>CCSS.ELA-Literacy.L.3.2c</StatementCode>
    </StatementCodes>
    <Statements>
      <Statement>Use commas and quotation marks in dialogue.</Statement>
    </Statements>
    <GradeLevels>
      <GradeLevel>03</GradeLevel>
    </GradeLevels>
    <LearningStandardDocumentRefId>0FAC40650F514a459951A657F942B845</LearningStandardDocumentRefId>
    <RelatedLearningStandardItems>
      <LearningStandardItemRefId RelationshipType="childOf">CDB3FEEFC8174f3fA05ED9506BACA4F4</LearningStandardItemRefId>
    </RelatedLearningStandardItems>
  </LearningStandardItem>
  <LearningStandardItem xml:lang="en" RefID="5A42A0CF46F146c9BF479EFFE4660DD3">
    <RefURI>http://corestandards.org/ELA-Literacy/L/3/2/d/</RefURI>
    <StandardHierarchyLevel>
      <number>7</number>
      <description>Component</description>
    </StandardHierarchyLevel>
    <StatementCodes>
      <StatementCode>CCSS.ELA-Literacy.L.3.2d</StatementCode>
    </StatementCodes>
    <Statements>
      <Statement>Form and use possessives.</Statement>
    </Statements>
    <GradeLevels>
      <GradeLevel>03</GradeLevel>
    </GradeLevels>
    <LearningStandardDocumentRefId>0FAC40650F514a459951A657F942B845</LearningStandardDocumentRefId>
    <RelatedLearningStandardItems>
      <LearningStandardItemRefId RelationshipType="childOf">CDB3FEEFC8174f3fA05ED9506BACA4F4</LearningStandardItemRefId>
    </RelatedLearningStandardItems>
  </LearningStandardItem>
  <LearningStandardItem xml:lang="en" RefID="176C2F3D221D416984213D9C38D61CF1">
    <RefURI>http://corestandards.org/ELA-Literacy/L/3/2/e/</RefURI>
    <StandardHierarchyLevel>
      <number>7</number>
      <description>Component</description>
    </StandardHierarchyLevel>
    <StatementCodes>
      <StatementCode>CCSS.ELA-Literacy.L.3.2e</StatementCode>
    </StatementCodes>
    <Statements>
      <Statement>Use conventional spelling for high-frequency and other studied words and for adding suffixes to base words (e.g., &lt;em&gt;sitting, smiled, cries, happiness&lt;/em&gt;).</Statement>
    </Statements>
    <GradeLevels>
      <GradeLevel>03</GradeLevel>
    </GradeLevels>
    <LearningStandardDocumentRefId>0FAC40650F514a459951A657F942B845</LearningStandardDocumentRefId>
    <RelatedLearningStandardItems>
      <LearningStandardItemRefId RelationshipType="childOf">CDB3FEEFC8174f3fA05ED9506BACA4F4</LearningStandardItemRefId>
    </RelatedLearningStandardItems>
  </LearningStandardItem>
  <LearningStandardItem xml:lang="en" RefID="EFCBE993E465475eAB002A64DE941142">
    <RefURI>http://corestandards.org/ELA-Literacy/L/3/2/f/</RefURI>
    <StandardHierarchyLevel>
      <number>7</number>
      <description>Component</description>
    </StandardHierarchyLevel>
    <StatementCodes>
      <StatementCode>CCSS.ELA-Literacy.L.3.2f</StatementCode>
    </StatementCodes>
    <Statements>
      <Statement>Use spelling patterns and generalizations (e.g., &lt;em&gt;word families, position-based spellings, syllable patterns, ending rules, meaningful word parts&lt;/em&gt;) in writing words.</Statement>
    </Statements>
    <GradeLevels>
      <GradeLevel>03</GradeLevel>
    </GradeLevels>
    <LearningStandardDocumentRefId>0FAC40650F514a459951A657F942B845</LearningStandardDocumentRefId>
    <RelatedLearningStandardItems>
      <LearningStandardItemRefId RelationshipType="childOf">CDB3FEEFC8174f3fA05ED9506BACA4F4</LearningStandardItemRefId>
    </RelatedLearningStandardItems>
  </LearningStandardItem>
  <LearningStandardItem xml:lang="en" RefID="50B7BF0E9BC14185AD06D9B1208560B2">
    <RefURI>http://corestandards.org/ELA-Literacy/L/3/2/g/</RefURI>
    <StandardHierarchyLevel>
      <number>7</number>
      <description>Component</description>
    </StandardHierarchyLevel>
    <StatementCodes>
      <StatementCode>CCSS.ELA-Literacy.L.3.2g</StatementCode>
    </StatementCodes>
    <Statements>
      <Statement>Consult reference materials, including beginning dictionaries, as needed to check and correct spellings.</Statement>
    </Statements>
    <GradeLevels>
      <GradeLevel>03</GradeLevel>
    </GradeLevels>
    <LearningStandardDocumentRefId>0FAC40650F514a459951A657F942B845</LearningStandardDocumentRefId>
    <RelatedLearningStandardItems>
      <LearningStandardItemRefId RelationshipType="childOf">CDB3FEEFC8174f3fA05ED9506BACA4F4</LearningStandardItemRefId>
    </RelatedLearningStandardItems>
  </LearningStandardItem>
</LearningStandards>
