<?xml version="1.0" encoding="UTF-8"?>
<LearningStandards>
  <LearningStandardItem xml:lang="en" RefID="E791051A722346a2B8AAD81E9EAE99C9">
    <RefURI>http://corestandards.org/ELA-Literacy/L/7/2/</RefURI>
    <StandardHierarchyLevel>
      <number>6</number>
      <description>Standard</description>
    </StandardHierarchyLevel>
    <StatementCodes>
      <StatementCode>CCSS.ELA-Literacy.L.7.2</StatementCode>
    </StatementCodes>
    <Statements>
      <Statement> Demonstrate command of the conventions of standard English capitalization, punctuation, and spelling when writing.</Statement>
    </Statements>
    <GradeLevels>
      <GradeLevel>07</GradeLevel>
    </GradeLevels>
    <LearningStandardDocumentRefId>0FAC40650F514a459951A657F942B845</LearningStandardDocumentRefId>
    <RelatedLearningStandardItems>
      <LearningStandardItemRefId RelationshipType="childOf">AA8CAF5103E4405bAD2FE61C09ABC1CD</LearningStandardItemRefId>
    </RelatedLearningStandardItems>
  </LearningStandardItem>
  <LearningStandardItem xml:lang="en" RefID="238C435628084bed8F3C3F1AA5D54BD6">
    <RefURI>http://corestandards.org/ELA-Literacy/L/7/2/a/</RefURI>
    <StandardHierarchyLevel>
      <number>7</number>
      <description>Component</description>
    </StandardHierarchyLevel>
    <StatementCodes>
      <StatementCode>CCSS.ELA-Literacy.L.7.2a</StatementCode>
    </StatementCodes>
    <Statements>
      <Statement>Use a comma to separate coordinate adjectives (e.g., &lt;em&gt;It was a fascinating, enjoyable movie&lt;/em&gt; but not &lt;em&gt;He wore an old[,] green shirt&lt;/em&gt;).</Statement>
    </Statements>
    <GradeLevels>
      <GradeLevel>07</GradeLevel>
    </GradeLevels>
    <LearningStandardDocumentRefId>0FAC40650F514a459951A657F942B845</LearningStandardDocumentRefId>
    <RelatedLearningStandardItems>
      <LearningStandardItemRefId RelationshipType="childOf">E791051A722346a2B8AAD81E9EAE99C9</LearningStandardItemRefId>
    </RelatedLearningStandardItems>
  </LearningStandardItem>
  <LearningStandardItem xml:lang="en" RefID="7D61AA61BACB4134826B54DB1B0BF4F4">
    <RefURI>http://corestandards.org/ELA-Literacy/L/7/2/b/</RefURI>
    <StandardHierarchyLevel>
      <number>7</number>
      <description>Component</description>
    </StandardHierarchyLevel>
    <StatementCodes>
      <StatementCode>CCSS.ELA-Literacy.L.7.2b</StatementCode>
    </StatementCodes>
    <Statements>
      <Statement>Spell correctly.</Statement>
    </Statements>
    <GradeLevels>
      <GradeLevel>07</GradeLevel>
    </GradeLevels>
    <LearningStandardDocumentRefId>0FAC40650F514a459951A657F942B845</LearningStandardDocumentRefId>
    <RelatedLearningStandardItems>
      <LearningStandardItemRefId RelationshipType="childOf">E791051A722346a2B8AAD81E9EAE99C9</LearningStandardItemRefId>
    </RelatedLearningStandardItems>
  </LearningStandardItem>
</LearningStandards>
