<?xml version="1.0" encoding="UTF-8"?>
<LearningStandards>
  <LearningStandardItem xml:lang="en" RefID="E08E79C01D4F4bf1959ACD13DA74DF36">
    <RefURI>http://corestandards.org/ELA-Literacy/L/11-12/1/</RefURI>
    <StandardHierarchyLevel>
      <number>6</number>
      <description>Standard</description>
    </StandardHierarchyLevel>
    <StatementCodes>
      <StatementCode>CCSS.ELA-Literacy.L.11-12.1</StatementCode>
    </StatementCodes>
    <Statements>
      <Statement>Demonstrate command of the conventions of standard English grammar and usage when writing or speaking.</Statement>
    </Statements>
    <GradeLevels>
      <GradeLevel>11-12</GradeLevel>
    </GradeLevels>
    <LearningStandardDocumentRefId>0FAC40650F514a459951A657F942B845</LearningStandardDocumentRefId>
    <RelatedLearningStandardItems>
      <LearningStandardItemRefId RelationshipType="childOf">BC475F1FEE074d699ABEAE3285BCB5C9</LearningStandardItemRefId>
    </RelatedLearningStandardItems>
  </LearningStandardItem>
  <LearningStandardItem xml:lang="en" RefID="E2B9E4D7A73941219439E04F3FA894C5">
    <RefURI>http://corestandards.org/ELA-Literacy/L/11-12/1/a/</RefURI>
    <StandardHierarchyLevel>
      <number>7</number>
      <description>Component</description>
    </StandardHierarchyLevel>
    <StatementCodes>
      <StatementCode>CCSS.ELA-Literacy.L.11-12.1a</StatementCode>
    </StatementCodes>
    <Statements>
      <Statement>Apply the understanding that usage is a matter of convention, can change over time, and is sometimes contested.</Statement>
    </Statements>
    <GradeLevels>
      <GradeLevel>11-12</GradeLevel>
    </GradeLevels>
    <LearningStandardDocumentRefId>0FAC40650F514a459951A657F942B845</LearningStandardDocumentRefId>
    <RelatedLearningStandardItems>
      <LearningStandardItemRefId RelationshipType="childOf">E08E79C01D4F4bf1959ACD13DA74DF36</LearningStandardItemRefId>
    </RelatedLearningStandardItems>
  </LearningStandardItem>
  <LearningStandardItem xml:lang="en" RefID="EAAEC33A333E4b4c8F7C96D6D4A08CCE">
    <RefURI>http://corestandards.org/ELA-Literacy/L/11-12/1/b/</RefURI>
    <StandardHierarchyLevel>
      <number>7</number>
      <description>Component</description>
    </StandardHierarchyLevel>
    <StatementCodes>
      <StatementCode>CCSS.ELA-Literacy.L.11-12.1b</StatementCode>
    </StatementCodes>
    <Statements>
      <Statement>Resolve issues of complex or contested usage, consulting references (e.g., &lt;em&gt;Merriam-Webster&#8217;s Dictionary of English Usage, Garner&#8217;s Modern American Usage&lt;/em&gt;) as needed.</Statement>
    </Statements>
    <GradeLevels>
      <GradeLevel>11-12</GradeLevel>
    </GradeLevels>
    <LearningStandardDocumentRefId>0FAC40650F514a459951A657F942B845</LearningStandardDocumentRefId>
    <RelatedLearningStandardItems>
      <LearningStandardItemRefId RelationshipType="childOf">E08E79C01D4F4bf1959ACD13DA74DF36</LearningStandardItemRefId>
    </RelatedLearningStandardItems>
  </LearningStandardItem>
</LearningStandards>
