<?xml version="1.0" encoding="UTF-8"?>
<LearningStandards>
  <LearningStandardItem xml:lang="en" RefID="C7EA09B4EDFC4a22980C7470BC2FBFC2">
    <RefURI>http://corestandards.org/ELA-Literacy/L/11-12/4/</RefURI>
    <StandardHierarchyLevel>
      <number>6</number>
      <description>Standard</description>
    </StandardHierarchyLevel>
    <StatementCodes>
      <StatementCode>CCSS.ELA-Literacy.L.11-12.4</StatementCode>
    </StatementCodes>
    <Statements>
      <Statement>Determine or clarify the meaning of unknown and multiple-meaning words and phrases based on &lt;em&gt;grades 11&#8211;12 reading and content&lt;/em&gt;, choosing flexibly from a range of strategies.</Statement>
    </Statements>
    <GradeLevels>
      <GradeLevel>11-12</GradeLevel>
    </GradeLevels>
    <LearningStandardDocumentRefId>0FAC40650F514a459951A657F942B845</LearningStandardDocumentRefId>
    <RelatedLearningStandardItems>
      <LearningStandardItemRefId RelationshipType="childOf">BC475F1FEE074d699ABEAE3285BCB5C9</LearningStandardItemRefId>
    </RelatedLearningStandardItems>
  </LearningStandardItem>
  <LearningStandardItem xml:lang="en" RefID="6C74D8A21FDC414bA6744500466AABE6">
    <RefURI>http://corestandards.org/ELA-Literacy/L/11-12/4/a/</RefURI>
    <StandardHierarchyLevel>
      <number>7</number>
      <description>Component</description>
    </StandardHierarchyLevel>
    <StatementCodes>
      <StatementCode>CCSS.ELA-Literacy.L.11-12.4a</StatementCode>
    </StatementCodes>
    <Statements>
      <Statement>Use context (e.g., the overall meaning of a sentence, paragraph, or text; a word&#8217;s position or function in a sentence) as a clue to the meaning of a word or phrase.</Statement>
    </Statements>
    <GradeLevels>
      <GradeLevel>11-12</GradeLevel>
    </GradeLevels>
    <LearningStandardDocumentRefId>0FAC40650F514a459951A657F942B845</LearningStandardDocumentRefId>
    <RelatedLearningStandardItems>
      <LearningStandardItemRefId RelationshipType="childOf">C7EA09B4EDFC4a22980C7470BC2FBFC2</LearningStandardItemRefId>
    </RelatedLearningStandardItems>
  </LearningStandardItem>
  <LearningStandardItem xml:lang="en" RefID="D1EEDFE7732E4904974920A0A720C0FF">
    <RefURI>http://corestandards.org/ELA-Literacy/L/11-12/4/b/</RefURI>
    <StandardHierarchyLevel>
      <number>7</number>
      <description>Component</description>
    </StandardHierarchyLevel>
    <StatementCodes>
      <StatementCode>CCSS.ELA-Literacy.L.11-12.4b</StatementCode>
    </StatementCodes>
    <Statements>
      <Statement>Identify and correctly use patterns of word changes that indicate different meanings or parts of speech (e.g., &lt;em&gt;conceive, conception, conceivable&lt;/em&gt;).</Statement>
    </Statements>
    <GradeLevels>
      <GradeLevel>11-12</GradeLevel>
    </GradeLevels>
    <LearningStandardDocumentRefId>0FAC40650F514a459951A657F942B845</LearningStandardDocumentRefId>
    <RelatedLearningStandardItems>
      <LearningStandardItemRefId RelationshipType="childOf">C7EA09B4EDFC4a22980C7470BC2FBFC2</LearningStandardItemRefId>
    </RelatedLearningStandardItems>
  </LearningStandardItem>
  <LearningStandardItem xml:lang="en" RefID="20CAF7B9D39A46269A0F141481BF8621">
    <RefURI>http://corestandards.org/ELA-Literacy/L/11-12/4/c/</RefURI>
    <StandardHierarchyLevel>
      <number>7</number>
      <description>Component</description>
    </StandardHierarchyLevel>
    <StatementCodes>
      <StatementCode>CCSS.ELA-Literacy.L.11-12.4c</StatementCode>
    </StatementCodes>
    <Statements>
      <Statement>Consult general and specialized reference materials (e.g., dictionaries, glossaries, thesauruses), both print and digital, to find the pronunciation of a word or determine or clarify its precise meaning, its part of speech, its etymology, or its standard usage.</Statement>
    </Statements>
    <GradeLevels>
      <GradeLevel>11-12</GradeLevel>
    </GradeLevels>
    <LearningStandardDocumentRefId>0FAC40650F514a459951A657F942B845</LearningStandardDocumentRefId>
    <RelatedLearningStandardItems>
      <LearningStandardItemRefId RelationshipType="childOf">C7EA09B4EDFC4a22980C7470BC2FBFC2</LearningStandardItemRefId>
    </RelatedLearningStandardItems>
  </LearningStandardItem>
  <LearningStandardItem xml:lang="en" RefID="155E471D016A4db9B76AC7ECFA0D12D2">
    <RefURI>http://corestandards.org/ELA-Literacy/L/11-12/4/d/</RefURI>
    <StandardHierarchyLevel>
      <number>7</number>
      <description>Component</description>
    </StandardHierarchyLevel>
    <StatementCodes>
      <StatementCode>CCSS.ELA-Literacy.L.11-12.4d</StatementCode>
    </StatementCodes>
    <Statements>
      <Statement>Verify the preliminary determination of the meaning of a word or phrase (e.g., by checking the inferred meaning in context or in a dictionary).</Statement>
    </Statements>
    <GradeLevels>
      <GradeLevel>11-12</GradeLevel>
    </GradeLevels>
    <LearningStandardDocumentRefId>0FAC40650F514a459951A657F942B845</LearningStandardDocumentRefId>
    <RelatedLearningStandardItems>
      <LearningStandardItemRefId RelationshipType="childOf">C7EA09B4EDFC4a22980C7470BC2FBFC2</LearningStandardItemRefId>
    </RelatedLearningStandardItems>
  </LearningStandardItem>
</LearningStandards>
