<?xml version="1.0" encoding="UTF-8"?>
<LearningStandards>
  <LearningStandardItem xml:lang="en" RefID="605615A29DC04696877B549E4C7AC811">
    <RefURI>http://corestandards.org/ELA-Literacy/RF/K/2/d/</RefURI>
    <StandardHierarchyLevel>
      <number>6</number>
      <description>Component</description>
    </StandardHierarchyLevel>
    <StatementCodes>
      <StatementCode>CCSS.ELA-Literacy.RF.K.2d</StatementCode>
    </StatementCodes>
    <Statements>
      <Statement>Isolate and pronounce the initial, medial vowel, and final sounds (phonemes) in three-phoneme (consonant-vowel-consonant, or CVC) words.&lt;sup&gt;1&lt;/sup&gt; (This does not include CVCs ending with /l/, /r/, or /x/.)</Statement>
    </Statements>
    <GradeLevels>
      <GradeLevel>K</GradeLevel>
    </GradeLevels>
    <LearningStandardDocumentRefId>0FAC40650F514a459951A657F942B845</LearningStandardDocumentRefId>
    <RelatedLearningStandardItems>
      <LearningStandardItemRefId RelationshipType="childOf">B1680D997FAE43db9F042BB1AA5DD5F7</LearningStandardItemRefId>
    </RelatedLearningStandardItems>
  </LearningStandardItem>
</LearningStandards>
