<?xml version="1.0" encoding="UTF-8"?>
<LearningStandards>
  <LearningStandardItem xml:lang="en" RefID="ECD6B4E8A36047ae811792E20A8F4046">
    <RefURI>http://corestandards.org/ELA-Literacy/RH/9-10/7/</RefURI>
    <StandardHierarchyLevel>
      <number>6</number>
      <description>Standard</description>
    </StandardHierarchyLevel>
    <StatementCodes>
      <StatementCode>CCSS.ELA-Literacy.RH.9-10.7</StatementCode>
    </StatementCodes>
    <Statements>
      <Statement>Integrate quantitative or technical analysis (e.g., charts, research data) with qualitative analysis in print or digital text.</Statement>
    </Statements>
    <GradeLevels>
      <GradeLevel>09</GradeLevel>
      <GradeLevel>10</GradeLevel>
    </GradeLevels>
    <LearningStandardDocumentRefId>0FAC40650F514a459951A657F942B845</LearningStandardDocumentRefId>
    <RelatedLearningStandardItems>
      <LearningStandardItemRefId RelationshipType="childOf">375612B2BF3D41f29101C8539AC9372C</LearningStandardItemRefId>
    </RelatedLearningStandardItems>
  </LearningStandardItem>
</LearningStandards>
