<?xml version="1.0" encoding="UTF-8"?>
<LearningStandards>
  <LearningStandardItem xml:lang="en" RefID="B3286B1D41F746e782F24CF9AD955A03">
    <RefURI>http://corestandards.org/ELA-Literacy/L/9-10/2/c/</RefURI>
    <StandardHierarchyLevel>
      <number>6</number>
      <description>Component</description>
    </StandardHierarchyLevel>
    <StatementCodes>
      <StatementCode>CCSS.ELA-Literacy.L.9-10.2c</StatementCode>
    </StatementCodes>
    <Statements>
      <Statement>Spell correctly.</Statement>
    </Statements>
    <GradeLevels>
      <GradeLevel>09</GradeLevel>
      <GradeLevel>10</GradeLevel>
    </GradeLevels>
    <LearningStandardDocumentRefId>0FAC40650F514a459951A657F942B845</LearningStandardDocumentRefId>
    <RelatedLearningStandardItems>
      <LearningStandardItemRefId RelationshipType="childOf">38FD986FD29E4b65899FE5D2AB80F124</LearningStandardItemRefId>
    </RelatedLearningStandardItems>
  </LearningStandardItem>
</LearningStandards>
