<?xml version="1.0" encoding="UTF-8"?>
<LearningStandards>
  <LearningStandardItem xml:lang="en" RefID="8FAD6709BED442fbAADA5AE1C26AB0B5">
    <RefURI>http://corestandards.org/ELA-Literacy/L/5/1/e/</RefURI>
    <StandardHierarchyLevel>
      <number>6</number>
      <description>Component</description>
    </StandardHierarchyLevel>
    <StatementCodes>
      <StatementCode>CCSS.ELA-Literacy.L.5.1e</StatementCode>
    </StatementCodes>
    <Statements>
      <Statement>Use correlative conjunctions (e.g., &lt;em&gt;either/or, neither/nor&lt;/em&gt;).</Statement>
    </Statements>
    <GradeLevels>
      <GradeLevel>05</GradeLevel>
    </GradeLevels>
    <LearningStandardDocumentRefId>0FAC40650F514a459951A657F942B845</LearningStandardDocumentRefId>
    <RelatedLearningStandardItems>
      <LearningStandardItemRefId RelationshipType="childOf">584C96F14B234c428C1C894D0B4674BA</LearningStandardItemRefId>
    </RelatedLearningStandardItems>
  </LearningStandardItem>
</LearningStandards>
