<?xml version="1.0" encoding="UTF-8"?>
<LearningStandards>
  <LearningStandardItem xml:lang="en" RefID="7E2150838611486d95ED47E7B63598E9">
    <RefURI>http://corestandards.org/ELA-Literacy/L/4/6/</RefURI>
    <StandardHierarchyLevel>
      <number>6</number>
      <description>Standard</description>
    </StandardHierarchyLevel>
    <StatementCodes>
      <StatementCode>CCSS.ELA-Literacy.L.4.6</StatementCode>
    </StatementCodes>
    <Statements>
      <Statement>Acquire and use accurately grade-appropriate general academic and domain-specific words and phrases, including those that signal precise actions, emotions, or states of being (e.g., quizzed, whined, stammered) and that are basic to a particular topic (e.g., &lt;em&gt;wildlife, conservation,&lt;/em&gt; and &lt;em&gt;endangered&lt;/em&gt; when discussing animal preservation).</Statement>
    </Statements>
    <GradeLevels>
      <GradeLevel>04</GradeLevel>
    </GradeLevels>
    <LearningStandardDocumentRefId>0FAC40650F514a459951A657F942B845</LearningStandardDocumentRefId>
    <RelatedLearningStandardItems>
      <LearningStandardItemRefId RelationshipType="childOf">AE0AF4A21C6041b5BA56A47251FA1EB0</LearningStandardItemRefId>
    </RelatedLearningStandardItems>
  </LearningStandardItem>
</LearningStandards>
