<?xml version="1.0" encoding="UTF-8"?>
<LearningStandards>
  <LearningStandardItem xml:lang="en" RefID="05FE0D0F437242c5832C11C7BE66FF5B">
    <RefURI>http://corestandards.org/ELA-Literacy/RI/4/1/</RefURI>
    <StandardHierarchyLevel>
      <number>6</number>
      <description>Standard</description>
    </StandardHierarchyLevel>
    <StatementCodes>
      <StatementCode>CCSS.ELA-Literacy.RI.4.1</StatementCode>
    </StatementCodes>
    <Statements>
      <Statement>Refer to details and examples in a text when explaining what the text says explicitly and when drawing inferences from the text.</Statement>
    </Statements>
    <GradeLevels>
      <GradeLevel>04</GradeLevel>
    </GradeLevels>
    <LearningStandardDocumentRefId>0FAC40650F514a459951A657F942B845</LearningStandardDocumentRefId>
    <RelatedLearningStandardItems>
      <LearningStandardItemRefId RelationshipType="childOf">6FD6160C43BB42a58D250C0F33957732</LearningStandardItemRefId>
    </RelatedLearningStandardItems>
  </LearningStandardItem>
  <LearningStandardItem xml:lang="en" RefID="8D08527E4AB54f1aA5D39E3551BD7C0D">
    <RefURI>http://corestandards.org/ELA-Literacy/RI/4/2/</RefURI>
    <StandardHierarchyLevel>
      <number>6</number>
      <description>Standard</description>
    </StandardHierarchyLevel>
    <StatementCodes>
      <StatementCode>CCSS.ELA-Literacy.RI.4.2</StatementCode>
    </StatementCodes>
    <Statements>
      <Statement>Determine the main idea of a text and explain how it is supported by key details; summarize the text.</Statement>
    </Statements>
    <GradeLevels>
      <GradeLevel>04</GradeLevel>
    </GradeLevels>
    <LearningStandardDocumentRefId>0FAC40650F514a459951A657F942B845</LearningStandardDocumentRefId>
    <RelatedLearningStandardItems>
      <LearningStandardItemRefId RelationshipType="childOf">6FD6160C43BB42a58D250C0F33957732</LearningStandardItemRefId>
    </RelatedLearningStandardItems>
  </LearningStandardItem>
  <LearningStandardItem xml:lang="en" RefID="CC883250DCA540ea8370C8342D2CFA63">
    <RefURI>http://corestandards.org/ELA-Literacy/RI/4/3/</RefURI>
    <StandardHierarchyLevel>
      <number>6</number>
      <description>Standard</description>
    </StandardHierarchyLevel>
    <StatementCodes>
      <StatementCode>CCSS.ELA-Literacy.RI.4.3</StatementCode>
    </StatementCodes>
    <Statements>
      <Statement>Explain events, procedures, ideas, or concepts in a historical, scientific, or technical text, including what happened and why, based on specific information in the text.</Statement>
    </Statements>
    <GradeLevels>
      <GradeLevel>04</GradeLevel>
    </GradeLevels>
    <LearningStandardDocumentRefId>0FAC40650F514a459951A657F942B845</LearningStandardDocumentRefId>
    <RelatedLearningStandardItems>
      <LearningStandardItemRefId RelationshipType="childOf">6FD6160C43BB42a58D250C0F33957732</LearningStandardItemRefId>
    </RelatedLearningStandardItems>
  </LearningStandardItem>
  <LearningStandardItem xml:lang="en" RefID="CE787370C73E4b3f879ECD6E1119689D">
    <RefURI>http://corestandards.org/ELA-Literacy/RI/4/4/</RefURI>
    <StandardHierarchyLevel>
      <number>6</number>
      <description>Standard</description>
    </StandardHierarchyLevel>
    <StatementCodes>
      <StatementCode>CCSS.ELA-Literacy.RI.4.4</StatementCode>
    </StatementCodes>
    <Statements>
      <Statement>Determine the meaning of general academic and domain-specific words or phrases in a text relevant to a &lt;i&gt;grade 4 topic or subject area&lt;/i&gt;.</Statement>
    </Statements>
    <GradeLevels>
      <GradeLevel>04</GradeLevel>
    </GradeLevels>
    <LearningStandardDocumentRefId>0FAC40650F514a459951A657F942B845</LearningStandardDocumentRefId>
    <RelatedLearningStandardItems>
      <LearningStandardItemRefId RelationshipType="childOf">6FD6160C43BB42a58D250C0F33957732</LearningStandardItemRefId>
    </RelatedLearningStandardItems>
  </LearningStandardItem>
  <LearningStandardItem xml:lang="en" RefID="FDD3DA62EC7E491097C035CE814439D9">
    <RefURI>http://corestandards.org/ELA-Literacy/RI/4/5/</RefURI>
    <StandardHierarchyLevel>
      <number>6</number>
      <description>Standard</description>
    </StandardHierarchyLevel>
    <StatementCodes>
      <StatementCode>CCSS.ELA-Literacy.RI.4.5</StatementCode>
    </StatementCodes>
    <Statements>
      <Statement>Describe the overall structure (e.g., chronology, comparison, cause/effect, problem/solution) of events, ideas, concepts, or information in a text or part of a text.</Statement>
    </Statements>
    <GradeLevels>
      <GradeLevel>04</GradeLevel>
    </GradeLevels>
    <LearningStandardDocumentRefId>0FAC40650F514a459951A657F942B845</LearningStandardDocumentRefId>
    <RelatedLearningStandardItems>
      <LearningStandardItemRefId RelationshipType="childOf">6FD6160C43BB42a58D250C0F33957732</LearningStandardItemRefId>
    </RelatedLearningStandardItems>
  </LearningStandardItem>
  <LearningStandardItem xml:lang="en" RefID="C8A9109BC2DB47a8AEE5CCA8C5AB9F6E">
    <RefURI>http://corestandards.org/ELA-Literacy/RI/4/6/</RefURI>
    <StandardHierarchyLevel>
      <number>6</number>
      <description>Standard</description>
    </StandardHierarchyLevel>
    <StatementCodes>
      <StatementCode>CCSS.ELA-Literacy.RI.4.6</StatementCode>
    </StatementCodes>
    <Statements>
      <Statement>Compare and contrast a firsthand and secondhand account of the same event or topic; describe the differences in focus and the information provided.</Statement>
    </Statements>
    <GradeLevels>
      <GradeLevel>04</GradeLevel>
    </GradeLevels>
    <LearningStandardDocumentRefId>0FAC40650F514a459951A657F942B845</LearningStandardDocumentRefId>
    <RelatedLearningStandardItems>
      <LearningStandardItemRefId RelationshipType="childOf">6FD6160C43BB42a58D250C0F33957732</LearningStandardItemRefId>
    </RelatedLearningStandardItems>
  </LearningStandardItem>
  <LearningStandardItem xml:lang="en" RefID="E071A9B75FC24d048EEBFB59F7ED72E0">
    <RefURI>http://corestandards.org/ELA-Literacy/RI/4/7/</RefURI>
    <StandardHierarchyLevel>
      <number>6</number>
      <description>Standard</description>
    </StandardHierarchyLevel>
    <StatementCodes>
      <StatementCode>CCSS.ELA-Literacy.RI.4.7</StatementCode>
    </StatementCodes>
    <Statements>
      <Statement>Interpret information presented visually, orally, or quantitatively (e.g., in charts, graphs, diagrams, time lines, animations, or interactive elements on Web pages) and explain how the information contributes to an understanding of the text in which it appears.</Statement>
    </Statements>
    <GradeLevels>
      <GradeLevel>04</GradeLevel>
    </GradeLevels>
    <LearningStandardDocumentRefId>0FAC40650F514a459951A657F942B845</LearningStandardDocumentRefId>
    <RelatedLearningStandardItems>
      <LearningStandardItemRefId RelationshipType="childOf">6FD6160C43BB42a58D250C0F33957732</LearningStandardItemRefId>
    </RelatedLearningStandardItems>
  </LearningStandardItem>
  <LearningStandardItem xml:lang="en" RefID="2D633FBDA49B44109D0C9872ABE0D3C7">
    <RefURI>http://corestandards.org/ELA-Literacy/RI/4/8/</RefURI>
    <StandardHierarchyLevel>
      <number>6</number>
      <description>Standard</description>
    </StandardHierarchyLevel>
    <StatementCodes>
      <StatementCode>CCSS.ELA-Literacy.RI.4.8</StatementCode>
    </StatementCodes>
    <Statements>
      <Statement>Explain how an author uses reasons and evidence to support particular points in a text.</Statement>
    </Statements>
    <GradeLevels>
      <GradeLevel>04</GradeLevel>
    </GradeLevels>
    <LearningStandardDocumentRefId>0FAC40650F514a459951A657F942B845</LearningStandardDocumentRefId>
    <RelatedLearningStandardItems>
      <LearningStandardItemRefId RelationshipType="childOf">6FD6160C43BB42a58D250C0F33957732</LearningStandardItemRefId>
    </RelatedLearningStandardItems>
  </LearningStandardItem>
  <LearningStandardItem xml:lang="en" RefID="F1D2A92E4864402e94B89C9BB017ABB8">
    <RefURI>http://corestandards.org/ELA-Literacy/RI/4/9/</RefURI>
    <StandardHierarchyLevel>
      <number>6</number>
      <description>Standard</description>
    </StandardHierarchyLevel>
    <StatementCodes>
      <StatementCode>CCSS.ELA-Literacy.RI.4.9</StatementCode>
    </StatementCodes>
    <Statements>
      <Statement>Integrate information from two texts on the same topic in order to write or speak about the subject knowledgeably.</Statement>
    </Statements>
    <GradeLevels>
      <GradeLevel>04</GradeLevel>
    </GradeLevels>
    <LearningStandardDocumentRefId>0FAC40650F514a459951A657F942B845</LearningStandardDocumentRefId>
    <RelatedLearningStandardItems>
      <LearningStandardItemRefId RelationshipType="childOf">6FD6160C43BB42a58D250C0F33957732</LearningStandardItemRefId>
    </RelatedLearningStandardItems>
  </LearningStandardItem>
  <LearningStandardItem xml:lang="en" RefID="8F843FFF2FE1485b990E145267FF52AA">
    <RefURI>http://corestandards.org/ELA-Literacy/RI/4/10/</RefURI>
    <StandardHierarchyLevel>
      <number>6</number>
      <description>Standard</description>
    </StandardHierarchyLevel>
    <StatementCodes>
      <StatementCode>CCSS.ELA-Literacy.RI.4.10</StatementCode>
    </StatementCodes>
    <Statements>
      <Statement>By the end of year, read and comprehend informational texts, including history/social studies, science, and technical texts, in the grades 4&amp;ndash;5 text complexity band proficiently, with scaffolding as needed at the high end of the range.</Statement>
    </Statements>
    <GradeLevels>
      <GradeLevel>04</GradeLevel>
    </GradeLevels>
    <LearningStandardDocumentRefId>0FAC40650F514a459951A657F942B845</LearningStandardDocumentRefId>
    <RelatedLearningStandardItems>
      <LearningStandardItemRefId RelationshipType="childOf">6FD6160C43BB42a58D250C0F33957732</LearningStandardItemRefId>
    </RelatedLearningStandardItems>
  </LearningStandardItem>
</LearningStandards>
