<?xml version="1.0" encoding="UTF-8"?>
<LearningStandards>
  <LearningStandardItem xml:lang="en" RefID="0C79216546674724B840BF1B57667E7C">
    <RefURI>http://corestandards.org/ELA-Literacy/L/8/5/b/</RefURI>
    <StandardHierarchyLevel>
      <number>6</number>
      <description>Component</description>
    </StandardHierarchyLevel>
    <StatementCodes>
      <StatementCode>CCSS.ELA-Literacy.L.8.5b</StatementCode>
    </StatementCodes>
    <Statements>
      <Statement>Use the relationship between particular words to better understand each of the words.</Statement>
    </Statements>
    <GradeLevels>
      <GradeLevel>08</GradeLevel>
    </GradeLevels>
    <LearningStandardDocumentRefId>0FAC40650F514a459951A657F942B845</LearningStandardDocumentRefId>
    <RelatedLearningStandardItems>
      <LearningStandardItemRefId RelationshipType="childOf">B433C5BE4F9B45149E40E941988B6493</LearningStandardItemRefId>
    </RelatedLearningStandardItems>
  </LearningStandardItem>
</LearningStandards>
