<?xml version="1.0" encoding="UTF-8"?>
<LearningStandards>
  <LearningStandardItem xml:lang="en" RefID="7F21B27D0DC44c42BCF0BC71A209E666">
    <RefURI>http://corestandards.org/ELA-Literacy/L/6/5/b/</RefURI>
    <StandardHierarchyLevel>
      <number>6</number>
      <description>Component</description>
    </StandardHierarchyLevel>
    <StatementCodes>
      <StatementCode>CCSS.ELA-Literacy.L.6.5b</StatementCode>
    </StatementCodes>
    <Statements>
      <Statement>Use the relationship between particular words (e.g., cause/effect, part/whole, item/category) to better understand each of the words.</Statement>
    </Statements>
    <GradeLevels>
      <GradeLevel>06</GradeLevel>
    </GradeLevels>
    <LearningStandardDocumentRefId>0FAC40650F514a459951A657F942B845</LearningStandardDocumentRefId>
    <RelatedLearningStandardItems>
      <LearningStandardItemRefId RelationshipType="childOf">6195E2E8571F4572B6070C6193A2D89F</LearningStandardItemRefId>
    </RelatedLearningStandardItems>
  </LearningStandardItem>
</LearningStandards>
