<?xml version="1.0" encoding="UTF-8"?>
<LearningStandards>
  <LearningStandardItem xml:lang="en" RefID="D5DD0989FE224aa4894E3365CBB72AEA">
    <RefURI>http://corestandards.org/ELA-Literacy/RF/1/4/c/</RefURI>
    <StandardHierarchyLevel>
      <number>6</number>
      <description>Component</description>
    </StandardHierarchyLevel>
    <StatementCodes>
      <StatementCode>CCSS.ELA-Literacy.RF.1.4c</StatementCode>
    </StatementCodes>
    <Statements>
      <Statement>Use context to confirm or self-correct word recognition and understanding, rereading as necessary.</Statement>
    </Statements>
    <GradeLevels>
      <GradeLevel>01</GradeLevel>
    </GradeLevels>
    <LearningStandardDocumentRefId>0FAC40650F514a459951A657F942B845</LearningStandardDocumentRefId>
    <RelatedLearningStandardItems>
      <LearningStandardItemRefId RelationshipType="childOf">79B776908BB2474d8A095631C63DABE0</LearningStandardItemRefId>
    </RelatedLearningStandardItems>
  </LearningStandardItem>
</LearningStandards>
