<?xml version="1.0" encoding="UTF-8"?>
<LearningStandards>
  <LearningStandardItem xml:lang="en" RefID="C1040CDE977E42ea8142E6A1BAFC6C47">
    <RefURI>http://corestandards.org/ELA-Literacy/L/9-10/1/a/</RefURI>
    <StandardHierarchyLevel>
      <number>6</number>
      <description>Component</description>
    </StandardHierarchyLevel>
    <StatementCodes>
      <StatementCode>CCSS.ELA-Literacy.L.9-10.1a</StatementCode>
    </StatementCodes>
    <Statements>
      <Statement>Use parallel structure.*</Statement>
    </Statements>
    <GradeLevels>
      <GradeLevel>09</GradeLevel>
      <GradeLevel>10</GradeLevel>
    </GradeLevels>
    <LearningStandardDocumentRefId>0FAC40650F514a459951A657F942B845</LearningStandardDocumentRefId>
    <RelatedLearningStandardItems>
      <LearningStandardItemRefId RelationshipType="childOf">9FDA18E3AAA04ea98CA7AA4B8251F7EF</LearningStandardItemRefId>
    </RelatedLearningStandardItems>
  </LearningStandardItem>
</LearningStandards>
