<?xml version="1.0" encoding="UTF-8"?>
<LearningStandards>
  <LearningStandardItem xml:lang="en" RefID="2541ACF78D024c418E961FFDE0F9512F">
    <RefURI>http://corestandards.org/ELA-Literacy/RI/2/1/</RefURI>
    <StandardHierarchyLevel>
      <number>6</number>
      <description>Standard</description>
    </StandardHierarchyLevel>
    <StatementCodes>
      <StatementCode>CCSS.ELA-Literacy.RI.2.1</StatementCode>
    </StatementCodes>
    <Statements>
      <Statement>Ask and answer such questions as &lt;i&gt;who, what, where, when, why&lt;/i&gt;, and &lt;i&gt;how&lt;/i&gt; to demonstrate understanding of key details in a text.</Statement>
    </Statements>
    <GradeLevels>
      <GradeLevel>02</GradeLevel>
    </GradeLevels>
    <LearningStandardDocumentRefId>0FAC40650F514a459951A657F942B845</LearningStandardDocumentRefId>
    <RelatedLearningStandardItems>
      <LearningStandardItemRefId RelationshipType="childOf">8C19382DBADF4869BED263846881ED2D</LearningStandardItemRefId>
    </RelatedLearningStandardItems>
  </LearningStandardItem>
</LearningStandards>
