<?xml version="1.0" encoding="UTF-8"?>
<LearningStandards>
  <LearningStandardItem xml:lang="en" RefID="EC8FFBD472024907B3C36544CB4FB157">
    <RefURI>http://corestandards.org/ELA-Literacy/RI/2/4/</RefURI>
    <StandardHierarchyLevel>
      <number>6</number>
      <description>Standard</description>
    </StandardHierarchyLevel>
    <StatementCodes>
      <StatementCode>CCSS.ELA-Literacy.RI.2.4</StatementCode>
    </StatementCodes>
    <Statements>
      <Statement>Determine the meaning of words and phrases in a text relevant to a &lt;i&gt;grade 2 topic or subject area.&lt;/i&gt;</Statement>
    </Statements>
    <GradeLevels>
      <GradeLevel>02</GradeLevel>
    </GradeLevels>
    <LearningStandardDocumentRefId>0FAC40650F514a459951A657F942B845</LearningStandardDocumentRefId>
    <RelatedLearningStandardItems>
      <LearningStandardItemRefId RelationshipType="childOf">8C19382DBADF4869BED263846881ED2D</LearningStandardItemRefId>
    </RelatedLearningStandardItems>
  </LearningStandardItem>
</LearningStandards>
