<?xml version="1.0" encoding="UTF-8"?>
<LearningStandards>
  <LearningStandardItem xml:lang="en" RefID="EAAEC33A333E4b4c8F7C96D6D4A08CCE">
    <RefURI>http://corestandards.org/ELA-Literacy/L/11-12/1/b/</RefURI>
    <StandardHierarchyLevel>
      <number>6</number>
      <description>Component</description>
    </StandardHierarchyLevel>
    <StatementCodes>
      <StatementCode>CCSS.ELA-Literacy.L.11-12.1b</StatementCode>
    </StatementCodes>
    <Statements>
      <Statement>Resolve issues of complex or contested usage, consulting references (e.g., &lt;em&gt;Merriam-Webster&#8217;s Dictionary of English Usage, Garner&#8217;s Modern American Usage&lt;/em&gt;) as needed.</Statement>
    </Statements>
    <GradeLevels>
      <GradeLevel>11-12</GradeLevel>
    </GradeLevels>
    <LearningStandardDocumentRefId>0FAC40650F514a459951A657F942B845</LearningStandardDocumentRefId>
    <RelatedLearningStandardItems>
      <LearningStandardItemRefId RelationshipType="childOf">E08E79C01D4F4bf1959ACD13DA74DF36</LearningStandardItemRefId>
    </RelatedLearningStandardItems>
  </LearningStandardItem>
</LearningStandards>
