<?xml version="1.0" encoding="UTF-8"?>
<LearningStandards>
  <LearningStandardItem xml:lang="en" RefID="EF2F9BD1429E457f91605E932FA568C8">
    <RefURI>http://corestandards.org/ELA-Literacy/RI/1/10/</RefURI>
    <StandardHierarchyLevel>
      <number>6</number>
      <description>Standard</description>
    </StandardHierarchyLevel>
    <StatementCodes>
      <StatementCode>CCSS.ELA-Literacy.RI.1.10</StatementCode>
    </StatementCodes>
    <Statements>
      <Statement>With prompting and support, read informational texts appropriately complex for grade 1.</Statement>
    </Statements>
    <GradeLevels>
      <GradeLevel>01</GradeLevel>
    </GradeLevels>
    <LearningStandardDocumentRefId>0FAC40650F514a459951A657F942B845</LearningStandardDocumentRefId>
    <RelatedLearningStandardItems>
      <LearningStandardItemRefId RelationshipType="childOf">EA97AD7B04EE40e7B30254D398BF9987</LearningStandardItemRefId>
    </RelatedLearningStandardItems>
  </LearningStandardItem>
</LearningStandards>
