<?xml version="1.0" encoding="UTF-8"?>
<LearningStandards>
  <LearningStandardItem xml:lang="en" RefID="98C33F52E3034a3e9A3794B7927CFBD9">
    <RefURI>http://corestandards.org/ELA-Literacy/RH/11-12/6/</RefURI>
    <StandardHierarchyLevel>
      <number>6</number>
      <description>Standard</description>
    </StandardHierarchyLevel>
    <StatementCodes>
      <StatementCode>CCSS.ELA-Literacy.RH.11-12.6</StatementCode>
    </StatementCodes>
    <Statements>
      <Statement>Evaluate authors&#8217; differing points of view on the same historical event or issue by assessing the authors&#8217; claims, reasoning, and evidence.</Statement>
    </Statements>
    <GradeLevels>
      <GradeLevel>11-12</GradeLevel>
    </GradeLevels>
    <LearningStandardDocumentRefId>0FAC40650F514a459951A657F942B845</LearningStandardDocumentRefId>
    <RelatedLearningStandardItems>
      <LearningStandardItemRefId RelationshipType="childOf">F9877ECD38D8432185F96C5EC5A050AF</LearningStandardItemRefId>
    </RelatedLearningStandardItems>
  </LearningStandardItem>
</LearningStandards>
