<?xml version="1.0" encoding="UTF-8"?>
<LearningStandards>
  <LearningStandardItem xml:lang="en" RefID="228E9630E0B94e309956C7260F14AFEB">
    <RefURI>http://corestandards.org/ELA-Literacy/CCRA/SL/1/</RefURI>
    <StandardHierarchyLevel>
      <number>6</number>
      <description>Standard</description>
    </StandardHierarchyLevel>
    <StatementCodes>
      <StatementCode>CCSS.ELA-Literacy.CCRA.SL.1</StatementCode>
    </StatementCodes>
    <Statements>
      <Statement>Prepare for and participate effectively in a range of conversations and collaborations with diverse partners, building on others&#8217; ideas and expressing their own clearly and persuasively.</Statement>
    </Statements>
    <GradeLevels>
      <GradeLevel>K</GradeLevel>
      <GradeLevel>01</GradeLevel>
      <GradeLevel>02</GradeLevel>
      <GradeLevel>03</GradeLevel>
      <GradeLevel>04</GradeLevel>
      <GradeLevel>05</GradeLevel>
      <GradeLevel>06</GradeLevel>
      <GradeLevel>07</GradeLevel>
      <GradeLevel>08</GradeLevel>
      <GradeLevel>09</GradeLevel>
      <GradeLevel>10</GradeLevel>
      <GradeLevel>11</GradeLevel>
      <GradeLevel>12</GradeLevel>
    </GradeLevels>
    <LearningStandardDocumentRefId>0FAC40650F514a459951A657F942B845</LearningStandardDocumentRefId>
    <RelatedLearningStandardItems>
      <LearningStandardItemRefId RelationshipType="childOf"></LearningStandardItemRefId>
    </RelatedLearningStandardItems>
  </LearningStandardItem>
  <LearningStandardItem xml:lang="en" RefID="F93D63093F0F42398C4DD811399E64FB">
    <RefURI>http://corestandards.org/ELA-Literacy/CCRA/SL/2/</RefURI>
    <StandardHierarchyLevel>
      <number>6</number>
      <description>Standard</description>
    </StandardHierarchyLevel>
    <StatementCodes>
      <StatementCode>CCSS.ELA-Literacy.CCRA.SL.2</StatementCode>
    </StatementCodes>
    <Statements>
      <Statement>Integrate and evaluate information presented in diverse media and formats, including visually, quantitatively, and orally.</Statement>
    </Statements>
    <GradeLevels>
      <GradeLevel>K</GradeLevel>
      <GradeLevel>01</GradeLevel>
      <GradeLevel>02</GradeLevel>
      <GradeLevel>03</GradeLevel>
      <GradeLevel>04</GradeLevel>
      <GradeLevel>05</GradeLevel>
      <GradeLevel>06</GradeLevel>
      <GradeLevel>07</GradeLevel>
      <GradeLevel>08</GradeLevel>
      <GradeLevel>09</GradeLevel>
      <GradeLevel>10</GradeLevel>
      <GradeLevel>11</GradeLevel>
      <GradeLevel>12</GradeLevel>
    </GradeLevels>
    <LearningStandardDocumentRefId>0FAC40650F514a459951A657F942B845</LearningStandardDocumentRefId>
    <RelatedLearningStandardItems>
      <LearningStandardItemRefId RelationshipType="childOf"></LearningStandardItemRefId>
    </RelatedLearningStandardItems>
  </LearningStandardItem>
  <LearningStandardItem xml:lang="en" RefID="7CFC103E7DB94f5cAE2EE6DED89720BF">
    <RefURI>http://corestandards.org/ELA-Literacy/CCRA/SL/3/</RefURI>
    <StandardHierarchyLevel>
      <number>6</number>
      <description>Standard</description>
    </StandardHierarchyLevel>
    <StatementCodes>
      <StatementCode>CCSS.ELA-Literacy.CCRA.SL.3</StatementCode>
    </StatementCodes>
    <Statements>
      <Statement>Evaluate a speaker&#8217;s point of view, reasoning, and use of evidence and rhetoric.</Statement>
    </Statements>
    <GradeLevels>
      <GradeLevel>K</GradeLevel>
      <GradeLevel>01</GradeLevel>
      <GradeLevel>02</GradeLevel>
      <GradeLevel>03</GradeLevel>
      <GradeLevel>04</GradeLevel>
      <GradeLevel>05</GradeLevel>
      <GradeLevel>06</GradeLevel>
      <GradeLevel>07</GradeLevel>
      <GradeLevel>08</GradeLevel>
      <GradeLevel>09</GradeLevel>
      <GradeLevel>10</GradeLevel>
      <GradeLevel>11</GradeLevel>
      <GradeLevel>12</GradeLevel>
    </GradeLevels>
    <LearningStandardDocumentRefId>0FAC40650F514a459951A657F942B845</LearningStandardDocumentRefId>
    <RelatedLearningStandardItems>
      <LearningStandardItemRefId RelationshipType="childOf"></LearningStandardItemRefId>
    </RelatedLearningStandardItems>
  </LearningStandardItem>
  <LearningStandardItem xml:lang="en" RefID="D737FF5A952445d293ED38D6FDC01ADE">
    <RefURI>http://corestandards.org/ELA-Literacy/CCRA/SL/4/</RefURI>
    <StandardHierarchyLevel>
      <number>6</number>
      <description>Standard</description>
    </StandardHierarchyLevel>
    <StatementCodes>
      <StatementCode>CCSS.ELA-Literacy.CCRA.SL.4</StatementCode>
    </StatementCodes>
    <Statements>
      <Statement>Present information, findings, and supporting evidence such that listeners can follow the line of reasoning and the organization, development, and style are appropriate to task, purpose, and audience.</Statement>
    </Statements>
    <GradeLevels>
      <GradeLevel>K</GradeLevel>
      <GradeLevel>01</GradeLevel>
      <GradeLevel>02</GradeLevel>
      <GradeLevel>03</GradeLevel>
      <GradeLevel>04</GradeLevel>
      <GradeLevel>05</GradeLevel>
      <GradeLevel>06</GradeLevel>
      <GradeLevel>07</GradeLevel>
      <GradeLevel>08</GradeLevel>
      <GradeLevel>09</GradeLevel>
      <GradeLevel>10</GradeLevel>
      <GradeLevel>11</GradeLevel>
      <GradeLevel>12</GradeLevel>
    </GradeLevels>
    <LearningStandardDocumentRefId>0FAC40650F514a459951A657F942B845</LearningStandardDocumentRefId>
    <RelatedLearningStandardItems>
      <LearningStandardItemRefId RelationshipType="childOf"></LearningStandardItemRefId>
    </RelatedLearningStandardItems>
  </LearningStandardItem>
  <LearningStandardItem xml:lang="en" RefID="1E802C9941C944988662733E6B9074D5">
    <RefURI>http://corestandards.org/ELA-Literacy/CCRA/SL/5/</RefURI>
    <StandardHierarchyLevel>
      <number>6</number>
      <description>Standard</description>
    </StandardHierarchyLevel>
    <StatementCodes>
      <StatementCode>CCSS.ELA-Literacy.CCRA.SL.5</StatementCode>
    </StatementCodes>
    <Statements>
      <Statement>Make strategic use of digital media and visual displays of data to express information and enhance understanding of presentations.</Statement>
    </Statements>
    <GradeLevels>
      <GradeLevel>K</GradeLevel>
      <GradeLevel>01</GradeLevel>
      <GradeLevel>02</GradeLevel>
      <GradeLevel>03</GradeLevel>
      <GradeLevel>04</GradeLevel>
      <GradeLevel>05</GradeLevel>
      <GradeLevel>06</GradeLevel>
      <GradeLevel>07</GradeLevel>
      <GradeLevel>08</GradeLevel>
      <GradeLevel>09</GradeLevel>
      <GradeLevel>10</GradeLevel>
      <GradeLevel>11</GradeLevel>
      <GradeLevel>12</GradeLevel>
    </GradeLevels>
    <LearningStandardDocumentRefId>0FAC40650F514a459951A657F942B845</LearningStandardDocumentRefId>
    <RelatedLearningStandardItems>
      <LearningStandardItemRefId RelationshipType="childOf"></LearningStandardItemRefId>
    </RelatedLearningStandardItems>
  </LearningStandardItem>
  <LearningStandardItem xml:lang="en" RefID="62430E7688494b758614D259CB2C64E2">
    <RefURI>http://corestandards.org/ELA-Literacy/CCRA/SL/6/</RefURI>
    <StandardHierarchyLevel>
      <number>6</number>
      <description>Standard</description>
    </StandardHierarchyLevel>
    <StatementCodes>
      <StatementCode>CCSS.ELA-Literacy.CCRA.SL.6</StatementCode>
    </StatementCodes>
    <Statements>
      <Statement>Adapt speech to a variety of contexts and communicative tasks, demonstrating command of formal English when indicated or appropriate.</Statement>
    </Statements>
    <GradeLevels>
      <GradeLevel>K</GradeLevel>
      <GradeLevel>01</GradeLevel>
      <GradeLevel>02</GradeLevel>
      <GradeLevel>03</GradeLevel>
      <GradeLevel>04</GradeLevel>
      <GradeLevel>05</GradeLevel>
      <GradeLevel>06</GradeLevel>
      <GradeLevel>07</GradeLevel>
      <GradeLevel>08</GradeLevel>
      <GradeLevel>09</GradeLevel>
      <GradeLevel>10</GradeLevel>
      <GradeLevel>11</GradeLevel>
      <GradeLevel>12</GradeLevel>
    </GradeLevels>
    <LearningStandardDocumentRefId>0FAC40650F514a459951A657F942B845</LearningStandardDocumentRefId>
    <RelatedLearningStandardItems>
      <LearningStandardItemRefId RelationshipType="childOf"></LearningStandardItemRefId>
    </RelatedLearningStandardItems>
  </LearningStandardItem>
</LearningStandards>
