<?xml version="1.0" encoding="UTF-8"?>
<LearningStandards>
  <LearningStandardItem xml:lang="en" RefID="11BCDAFCABA840f2B8DEAB316087D750">
    <RefURI>http://corestandards.org/ELA-Literacy/CCRA/W/1/</RefURI>
    <StandardHierarchyLevel>
      <number>6</number>
      <description>Standard</description>
    </StandardHierarchyLevel>
    <StatementCodes>
      <StatementCode>CCSS.ELA-Literacy.CCRA.W.1</StatementCode>
    </StatementCodes>
    <Statements>
      <Statement>Write arguments to support claims in an analysis of substantive topics or texts using valid reasoning and relevant and sufficient evidence. </Statement>
    </Statements>
    <GradeLevels>
      <GradeLevel>K</GradeLevel>
      <GradeLevel>01</GradeLevel>
      <GradeLevel>02</GradeLevel>
      <GradeLevel>03</GradeLevel>
      <GradeLevel>04</GradeLevel>
      <GradeLevel>05</GradeLevel>
      <GradeLevel>06</GradeLevel>
      <GradeLevel>07</GradeLevel>
      <GradeLevel>08</GradeLevel>
      <GradeLevel>09</GradeLevel>
      <GradeLevel>10</GradeLevel>
      <GradeLevel>11</GradeLevel>
      <GradeLevel>12</GradeLevel>
    </GradeLevels>
    <LearningStandardDocumentRefId>0FAC40650F514a459951A657F942B845</LearningStandardDocumentRefId>
    <RelatedLearningStandardItems>
      <LearningStandardItemRefId RelationshipType="childOf"></LearningStandardItemRefId>
    </RelatedLearningStandardItems>
  </LearningStandardItem>
  <LearningStandardItem xml:lang="en" RefID="5E30DD7BC60A46ecBA0330FD809408C1">
    <RefURI>http://corestandards.org/ELA-Literacy/CCRA/W/2/</RefURI>
    <StandardHierarchyLevel>
      <number>6</number>
      <description>Standard</description>
    </StandardHierarchyLevel>
    <StatementCodes>
      <StatementCode>CCSS.ELA-Literacy.CCRA.W.2</StatementCode>
    </StatementCodes>
    <Statements>
      <Statement>Write informative/explanatory texts to examine and convey complex ideas and information clearly and accurately through the effective selection, organization, and analysis of content.</Statement>
    </Statements>
    <GradeLevels>
      <GradeLevel>K</GradeLevel>
      <GradeLevel>01</GradeLevel>
      <GradeLevel>02</GradeLevel>
      <GradeLevel>03</GradeLevel>
      <GradeLevel>04</GradeLevel>
      <GradeLevel>05</GradeLevel>
      <GradeLevel>06</GradeLevel>
      <GradeLevel>07</GradeLevel>
      <GradeLevel>08</GradeLevel>
      <GradeLevel>09</GradeLevel>
      <GradeLevel>10</GradeLevel>
      <GradeLevel>11</GradeLevel>
      <GradeLevel>12</GradeLevel>
    </GradeLevels>
    <LearningStandardDocumentRefId>0FAC40650F514a459951A657F942B845</LearningStandardDocumentRefId>
    <RelatedLearningStandardItems>
      <LearningStandardItemRefId RelationshipType="childOf"></LearningStandardItemRefId>
    </RelatedLearningStandardItems>
  </LearningStandardItem>
  <LearningStandardItem xml:lang="en" RefID="6C9D9F949BDC4b6dBC66DA73C3543F18">
    <RefURI>http://corestandards.org/ELA-Literacy/CCRA/W/3/</RefURI>
    <StandardHierarchyLevel>
      <number>6</number>
      <description>Standard</description>
    </StandardHierarchyLevel>
    <StatementCodes>
      <StatementCode>CCSS.ELA-Literacy.CCRA.W.3</StatementCode>
    </StatementCodes>
    <Statements>
      <Statement>Write narratives to develop real or imagined experiences or events using effective technique, well-chosen details and well-structured event sequences.</Statement>
    </Statements>
    <GradeLevels>
      <GradeLevel>K</GradeLevel>
      <GradeLevel>01</GradeLevel>
      <GradeLevel>02</GradeLevel>
      <GradeLevel>03</GradeLevel>
      <GradeLevel>04</GradeLevel>
      <GradeLevel>05</GradeLevel>
      <GradeLevel>06</GradeLevel>
      <GradeLevel>07</GradeLevel>
      <GradeLevel>08</GradeLevel>
      <GradeLevel>09</GradeLevel>
      <GradeLevel>10</GradeLevel>
      <GradeLevel>11</GradeLevel>
      <GradeLevel>12</GradeLevel>
    </GradeLevels>
    <LearningStandardDocumentRefId>0FAC40650F514a459951A657F942B845</LearningStandardDocumentRefId>
    <RelatedLearningStandardItems>
      <LearningStandardItemRefId RelationshipType="childOf"></LearningStandardItemRefId>
    </RelatedLearningStandardItems>
  </LearningStandardItem>
  <LearningStandardItem xml:lang="en" RefID="6E68C7E098FC49aaBBC6FBC6FE935CA4">
    <RefURI>http://corestandards.org/ELA-Literacy/CCRA/W/4/</RefURI>
    <StandardHierarchyLevel>
      <number>6</number>
      <description>Standard</description>
    </StandardHierarchyLevel>
    <StatementCodes>
      <StatementCode>CCSS.ELA-Literacy.CCRA.W.4</StatementCode>
    </StatementCodes>
    <Statements>
      <Statement>Produce clear and coherent writing in which the development, organization, and style are appropriate to task, purpose, and audience.</Statement>
    </Statements>
    <GradeLevels>
      <GradeLevel>K</GradeLevel>
      <GradeLevel>01</GradeLevel>
      <GradeLevel>02</GradeLevel>
      <GradeLevel>03</GradeLevel>
      <GradeLevel>04</GradeLevel>
      <GradeLevel>05</GradeLevel>
      <GradeLevel>06</GradeLevel>
      <GradeLevel>07</GradeLevel>
      <GradeLevel>08</GradeLevel>
      <GradeLevel>09</GradeLevel>
      <GradeLevel>10</GradeLevel>
      <GradeLevel>11</GradeLevel>
      <GradeLevel>12</GradeLevel>
    </GradeLevels>
    <LearningStandardDocumentRefId>0FAC40650F514a459951A657F942B845</LearningStandardDocumentRefId>
    <RelatedLearningStandardItems>
      <LearningStandardItemRefId RelationshipType="childOf"></LearningStandardItemRefId>
    </RelatedLearningStandardItems>
  </LearningStandardItem>
  <LearningStandardItem xml:lang="en" RefID="DBA1F5EC79A749f896A84FB91515124F">
    <RefURI>http://corestandards.org/ELA-Literacy/CCRA/W/5/</RefURI>
    <StandardHierarchyLevel>
      <number>6</number>
      <description>Standard</description>
    </StandardHierarchyLevel>
    <StatementCodes>
      <StatementCode>CCSS.ELA-Literacy.CCRA.W.5</StatementCode>
    </StatementCodes>
    <Statements>
      <Statement>Develop and strengthen writing as needed by planning, revising, editing, rewriting, or trying a new approach.</Statement>
    </Statements>
    <GradeLevels>
      <GradeLevel>K</GradeLevel>
      <GradeLevel>01</GradeLevel>
      <GradeLevel>02</GradeLevel>
      <GradeLevel>03</GradeLevel>
      <GradeLevel>04</GradeLevel>
      <GradeLevel>05</GradeLevel>
      <GradeLevel>06</GradeLevel>
      <GradeLevel>07</GradeLevel>
      <GradeLevel>08</GradeLevel>
      <GradeLevel>09</GradeLevel>
      <GradeLevel>10</GradeLevel>
      <GradeLevel>11</GradeLevel>
      <GradeLevel>12</GradeLevel>
    </GradeLevels>
    <LearningStandardDocumentRefId>0FAC40650F514a459951A657F942B845</LearningStandardDocumentRefId>
    <RelatedLearningStandardItems>
      <LearningStandardItemRefId RelationshipType="childOf"></LearningStandardItemRefId>
    </RelatedLearningStandardItems>
  </LearningStandardItem>
  <LearningStandardItem xml:lang="en" RefID="85C280C6607D4a01AC73A87E84A8DC5D">
    <RefURI>http://corestandards.org/ELA-Literacy/CCRA/W/6/</RefURI>
    <StandardHierarchyLevel>
      <number>6</number>
      <description>Standard</description>
    </StandardHierarchyLevel>
    <StatementCodes>
      <StatementCode>CCSS.ELA-Literacy.CCRA.W.6</StatementCode>
    </StatementCodes>
    <Statements>
      <Statement>Use technology, including the Internet, to produce and publish writing and to interact and collaborate with others.</Statement>
    </Statements>
    <GradeLevels>
      <GradeLevel>K</GradeLevel>
      <GradeLevel>01</GradeLevel>
      <GradeLevel>02</GradeLevel>
      <GradeLevel>03</GradeLevel>
      <GradeLevel>04</GradeLevel>
      <GradeLevel>05</GradeLevel>
      <GradeLevel>06</GradeLevel>
      <GradeLevel>07</GradeLevel>
      <GradeLevel>08</GradeLevel>
      <GradeLevel>09</GradeLevel>
      <GradeLevel>10</GradeLevel>
      <GradeLevel>11</GradeLevel>
      <GradeLevel>12</GradeLevel>
    </GradeLevels>
    <LearningStandardDocumentRefId>0FAC40650F514a459951A657F942B845</LearningStandardDocumentRefId>
    <RelatedLearningStandardItems>
      <LearningStandardItemRefId RelationshipType="childOf"></LearningStandardItemRefId>
    </RelatedLearningStandardItems>
  </LearningStandardItem>
  <LearningStandardItem xml:lang="en" RefID="903CDE55BC094a8d92DD2BFD049A534C">
    <RefURI>http://corestandards.org/ELA-Literacy/CCRA/W/7/</RefURI>
    <StandardHierarchyLevel>
      <number>6</number>
      <description>Standard</description>
    </StandardHierarchyLevel>
    <StatementCodes>
      <StatementCode>CCSS.ELA-Literacy.CCRA.W.7</StatementCode>
    </StatementCodes>
    <Statements>
      <Statement>Conduct short as well as more sustained research projects based on focused questions, demonstrating understanding of the subject under investigation.</Statement>
    </Statements>
    <GradeLevels>
      <GradeLevel>K</GradeLevel>
      <GradeLevel>01</GradeLevel>
      <GradeLevel>02</GradeLevel>
      <GradeLevel>03</GradeLevel>
      <GradeLevel>04</GradeLevel>
      <GradeLevel>05</GradeLevel>
      <GradeLevel>06</GradeLevel>
      <GradeLevel>07</GradeLevel>
      <GradeLevel>08</GradeLevel>
      <GradeLevel>09</GradeLevel>
      <GradeLevel>10</GradeLevel>
      <GradeLevel>11</GradeLevel>
      <GradeLevel>12</GradeLevel>
    </GradeLevels>
    <LearningStandardDocumentRefId>0FAC40650F514a459951A657F942B845</LearningStandardDocumentRefId>
    <RelatedLearningStandardItems>
      <LearningStandardItemRefId RelationshipType="childOf"></LearningStandardItemRefId>
    </RelatedLearningStandardItems>
  </LearningStandardItem>
  <LearningStandardItem xml:lang="en" RefID="49A7156F835D4648BE8AB22B545FF3DA">
    <RefURI>http://corestandards.org/ELA-Literacy/CCRA/W/8/</RefURI>
    <StandardHierarchyLevel>
      <number>6</number>
      <description>Standard</description>
    </StandardHierarchyLevel>
    <StatementCodes>
      <StatementCode>CCSS.ELA-Literacy.CCRA.W.8</StatementCode>
    </StatementCodes>
    <Statements>
      <Statement>Gather relevant information from multiple print and digital sources, assess the credibility and accuracy of each source, and integrate the information while avoiding plagiarism.</Statement>
    </Statements>
    <GradeLevels>
      <GradeLevel>K</GradeLevel>
      <GradeLevel>01</GradeLevel>
      <GradeLevel>02</GradeLevel>
      <GradeLevel>03</GradeLevel>
      <GradeLevel>04</GradeLevel>
      <GradeLevel>05</GradeLevel>
      <GradeLevel>06</GradeLevel>
      <GradeLevel>07</GradeLevel>
      <GradeLevel>08</GradeLevel>
      <GradeLevel>09</GradeLevel>
      <GradeLevel>10</GradeLevel>
      <GradeLevel>11</GradeLevel>
      <GradeLevel>12</GradeLevel>
    </GradeLevels>
    <LearningStandardDocumentRefId>0FAC40650F514a459951A657F942B845</LearningStandardDocumentRefId>
    <RelatedLearningStandardItems>
      <LearningStandardItemRefId RelationshipType="childOf"></LearningStandardItemRefId>
    </RelatedLearningStandardItems>
  </LearningStandardItem>
  <LearningStandardItem xml:lang="en" RefID="AEBB4230E960427cB71BDD856E59401E">
    <RefURI>http://corestandards.org/ELA-Literacy/CCRA/W/9/</RefURI>
    <StandardHierarchyLevel>
      <number>6</number>
      <description>Standard</description>
    </StandardHierarchyLevel>
    <StatementCodes>
      <StatementCode>CCSS.ELA-Literacy.CCRA.W.9</StatementCode>
    </StatementCodes>
    <Statements>
      <Statement>Draw evidence from literary or informational texts to support analysis, reflection, and research.</Statement>
    </Statements>
    <GradeLevels>
      <GradeLevel>K</GradeLevel>
      <GradeLevel>01</GradeLevel>
      <GradeLevel>02</GradeLevel>
      <GradeLevel>03</GradeLevel>
      <GradeLevel>04</GradeLevel>
      <GradeLevel>05</GradeLevel>
      <GradeLevel>06</GradeLevel>
      <GradeLevel>07</GradeLevel>
      <GradeLevel>08</GradeLevel>
      <GradeLevel>09</GradeLevel>
      <GradeLevel>10</GradeLevel>
      <GradeLevel>11</GradeLevel>
      <GradeLevel>12</GradeLevel>
    </GradeLevels>
    <LearningStandardDocumentRefId>0FAC40650F514a459951A657F942B845</LearningStandardDocumentRefId>
    <RelatedLearningStandardItems>
      <LearningStandardItemRefId RelationshipType="childOf"></LearningStandardItemRefId>
    </RelatedLearningStandardItems>
  </LearningStandardItem>
  <LearningStandardItem xml:lang="en" RefID="2C209C6608014412BF0BEEFF3379AB76">
    <RefURI>http://corestandards.org/ELA-Literacy/CCRA/W/10/</RefURI>
    <StandardHierarchyLevel>
      <number>6</number>
      <description>Standard</description>
    </StandardHierarchyLevel>
    <StatementCodes>
      <StatementCode>CCSS.ELA-Literacy.CCRA.W.10</StatementCode>
    </StatementCodes>
    <Statements>
      <Statement>Write routinely over extended time frames (time for research, reflection, and revision) and shorter time frames (a single sitting or a day or two) for a range of tasks, purposes, and audiences.</Statement>
    </Statements>
    <GradeLevels>
      <GradeLevel>K</GradeLevel>
      <GradeLevel>01</GradeLevel>
      <GradeLevel>02</GradeLevel>
      <GradeLevel>03</GradeLevel>
      <GradeLevel>04</GradeLevel>
      <GradeLevel>05</GradeLevel>
      <GradeLevel>06</GradeLevel>
      <GradeLevel>07</GradeLevel>
      <GradeLevel>08</GradeLevel>
      <GradeLevel>09</GradeLevel>
      <GradeLevel>10</GradeLevel>
      <GradeLevel>11</GradeLevel>
      <GradeLevel>12</GradeLevel>
    </GradeLevels>
    <LearningStandardDocumentRefId>0FAC40650F514a459951A657F942B845</LearningStandardDocumentRefId>
    <RelatedLearningStandardItems>
      <LearningStandardItemRefId RelationshipType="childOf"></LearningStandardItemRefId>
    </RelatedLearningStandardItems>
  </LearningStandardItem>
</LearningStandards>
