<?xml version="1.0" encoding="UTF-8"?>
<LearningStandards>
  <LearningStandardItem xml:lang="en" RefID="53528DC17CEE42cf9A9123974D67AD86">
    <RefURI>http://corestandards.org/ELA-Literacy/L/3/5/a/</RefURI>
    <StandardHierarchyLevel>
      <number>6</number>
      <description>Component</description>
    </StandardHierarchyLevel>
    <StatementCodes>
      <StatementCode>CCSS.ELA-Literacy.L.3.5a</StatementCode>
    </StatementCodes>
    <Statements>
      <Statement>Distinguish the literal and nonliteral meanings of words and phrases in context (e.g., &lt;em&gt;take steps&lt;/em&gt;).</Statement>
    </Statements>
    <GradeLevels>
      <GradeLevel>03</GradeLevel>
    </GradeLevels>
    <LearningStandardDocumentRefId>0FAC40650F514a459951A657F942B845</LearningStandardDocumentRefId>
    <RelatedLearningStandardItems>
      <LearningStandardItemRefId RelationshipType="childOf">7A3F8D4EE2DB42b68CCFB6ACF1679B7F</LearningStandardItemRefId>
    </RelatedLearningStandardItems>
  </LearningStandardItem>
</LearningStandards>
