<?xml version="1.0" encoding="UTF-8"?>
<LearningStandards>
  <LearningStandardItem xml:lang="en" RefID="69DD4F819A6843a1BE7D33FE219E72F4">
    <RefURI>http://corestandards.org/ELA-Literacy/L/3/5/c/</RefURI>
    <StandardHierarchyLevel>
      <number>6</number>
      <description>Component</description>
    </StandardHierarchyLevel>
    <StatementCodes>
      <StatementCode>CCSS.ELA-Literacy.L.3.5c</StatementCode>
    </StatementCodes>
    <Statements>
      <Statement>Distinguish shades of meaning among related words that describe states of mind or degrees of certainty (e.g., &lt;em&gt;knew, believed, suspected, heard, wondered&lt;/em&gt;).</Statement>
    </Statements>
    <GradeLevels>
      <GradeLevel>03</GradeLevel>
    </GradeLevels>
    <LearningStandardDocumentRefId>0FAC40650F514a459951A657F942B845</LearningStandardDocumentRefId>
    <RelatedLearningStandardItems>
      <LearningStandardItemRefId RelationshipType="childOf">7A3F8D4EE2DB42b68CCFB6ACF1679B7F</LearningStandardItemRefId>
    </RelatedLearningStandardItems>
  </LearningStandardItem>
</LearningStandards>
