<?xml version="1.0" encoding="UTF-8"?>
<LearningStandards>
  <LearningStandardItem xml:lang="en" RefID="B927B5F7DC754662B3A8AB28E67CB16E">
    <RefURI>http://corestandards.org/ELA-Literacy/L/3/1/a/</RefURI>
    <StandardHierarchyLevel>
      <number>6</number>
      <description>Component</description>
    </StandardHierarchyLevel>
    <StatementCodes>
      <StatementCode>CCSS.ELA-Literacy.L.3.1a</StatementCode>
    </StatementCodes>
    <Statements>
      <Statement>Explain the function of nouns, pronouns, verbs, adjectives, and adverbs in general and their functions in particular sentences.</Statement>
    </Statements>
    <GradeLevels>
      <GradeLevel>03</GradeLevel>
    </GradeLevels>
    <LearningStandardDocumentRefId>0FAC40650F514a459951A657F942B845</LearningStandardDocumentRefId>
    <RelatedLearningStandardItems>
      <LearningStandardItemRefId RelationshipType="childOf">F053D3437D1E4338A2C18B25DACBED85</LearningStandardItemRefId>
    </RelatedLearningStandardItems>
  </LearningStandardItem>
</LearningStandards>
