<?xml version="1.0" encoding="UTF-8"?>
<LearningStandards>
  <LearningStandardItem xml:lang="en" RefID="BE3EA41F879A428d98EEA966A0703B99">
    <RefURI>http://corestandards.org/ELA-Literacy/L/2/1/d/</RefURI>
    <StandardHierarchyLevel>
      <number>6</number>
      <description>Component</description>
    </StandardHierarchyLevel>
    <StatementCodes>
      <StatementCode>CCSS.ELA-Literacy.L.2.1d</StatementCode>
    </StatementCodes>
    <Statements>
      <Statement>Form and use the past tense of frequently occurring irregular verbs (e.g., &lt;em&gt;sat, hid, told&lt;/em&gt;).</Statement>
    </Statements>
    <GradeLevels>
      <GradeLevel>02</GradeLevel>
    </GradeLevels>
    <LearningStandardDocumentRefId>0FAC40650F514a459951A657F942B845</LearningStandardDocumentRefId>
    <RelatedLearningStandardItems>
      <LearningStandardItemRefId RelationshipType="childOf">3BC8F46071754afc8A9871C559FE7B8A</LearningStandardItemRefId>
    </RelatedLearningStandardItems>
  </LearningStandardItem>
</LearningStandards>
