<?xml version="1.0" encoding="UTF-8"?>
<LearningStandards>
  <LearningStandardItem xml:lang="en" RefID="9D225CFD9504412f8EC9A7C35A5AFE99">
    <RefURI>http://corestandards.org/ELA-Literacy/L/2/1/f/</RefURI>
    <StandardHierarchyLevel>
      <number>6</number>
      <description>Component</description>
    </StandardHierarchyLevel>
    <StatementCodes>
      <StatementCode>CCSS.ELA-Literacy.L.2.1f</StatementCode>
    </StatementCodes>
    <Statements>
      <Statement>Produce, expand, and rearrange complete simple and compound sentences (e.g., &lt;em&gt;The boy watched the movie; The little boy watched the movie; The action movie was watched by the little boy&lt;/em&gt;).</Statement>
    </Statements>
    <GradeLevels>
      <GradeLevel>02</GradeLevel>
    </GradeLevels>
    <LearningStandardDocumentRefId>0FAC40650F514a459951A657F942B845</LearningStandardDocumentRefId>
    <RelatedLearningStandardItems>
      <LearningStandardItemRefId RelationshipType="childOf">3BC8F46071754afc8A9871C559FE7B8A</LearningStandardItemRefId>
    </RelatedLearningStandardItems>
  </LearningStandardItem>
</LearningStandards>
