<?xml version="1.0" encoding="UTF-8"?>
<LearningStandards>
  <LearningStandardItem xml:lang="en" RefID="199809FADEDC49f0AEC38FB86823D45E">
    <RefURI>http://corestandards.org/ELA-Literacy/L/1/5/b/</RefURI>
    <StandardHierarchyLevel>
      <number>6</number>
      <description>Component</description>
    </StandardHierarchyLevel>
    <StatementCodes>
      <StatementCode>CCSS.ELA-Literacy.L.1.5b</StatementCode>
    </StatementCodes>
    <Statements>
      <Statement>Define words by category and by one or more key attributes (e.g., a &lt;em&gt;duck&lt;/em&gt; is a bird that swims; a &lt;em&gt;tiger&lt;/em&gt; is a large cat with stripes).</Statement>
    </Statements>
    <GradeLevels>
      <GradeLevel>01</GradeLevel>
    </GradeLevels>
    <LearningStandardDocumentRefId>0FAC40650F514a459951A657F942B845</LearningStandardDocumentRefId>
    <RelatedLearningStandardItems>
      <LearningStandardItemRefId RelationshipType="childOf">D6149832B039495eBACBC94491BD7028</LearningStandardItemRefId>
    </RelatedLearningStandardItems>
  </LearningStandardItem>
</LearningStandards>
