<?xml version="1.0" encoding="UTF-8"?>
<LearningStandards>
  <LearningStandardItem xml:lang="en" RefID="CEAC5CBA990642cf93F4E705D5B1F4B8">
    <RefURI>http://corestandards.org/ELA-Literacy/L/K/2/a/</RefURI>
    <StandardHierarchyLevel>
      <number>6</number>
      <description>Component</description>
    </StandardHierarchyLevel>
    <StatementCodes>
      <StatementCode>CCSS.ELA-Literacy.L.K.2a</StatementCode>
    </StatementCodes>
    <Statements>
      <Statement>Capitalize the first word in a sentence and the pronoun &lt;em&gt;I&lt;/em&gt;</Statement>
    </Statements>
    <GradeLevels>
      <GradeLevel>K</GradeLevel>
    </GradeLevels>
    <LearningStandardDocumentRefId>0FAC40650F514a459951A657F942B845</LearningStandardDocumentRefId>
    <RelatedLearningStandardItems>
      <LearningStandardItemRefId RelationshipType="childOf">8DC8E2BF1D274098AADA8ADB5AE294D9</LearningStandardItemRefId>
    </RelatedLearningStandardItems>
  </LearningStandardItem>
</LearningStandards>
