<?xml version="1.0" encoding="UTF-8"?>
<LearningStandards>
  <LearningStandardItem xml:lang="en" RefID="925497B7429B41faA3F56B4E74E47899">
    <RefURI>http://corestandards.org/ELA-Literacy/L/K/1/c/</RefURI>
    <StandardHierarchyLevel>
      <number>6</number>
      <description>Component</description>
    </StandardHierarchyLevel>
    <StatementCodes>
      <StatementCode>CCSS.ELA-Literacy.L.K.1c</StatementCode>
    </StatementCodes>
    <Statements>
      <Statement>Form regular plural nouns orally by adding /s/ or /es/ (e.g., &lt;em&gt;dog, dogs; wish, wishes&lt;/em&gt;).</Statement>
    </Statements>
    <GradeLevels>
      <GradeLevel>K</GradeLevel>
    </GradeLevels>
    <LearningStandardDocumentRefId>0FAC40650F514a459951A657F942B845</LearningStandardDocumentRefId>
    <RelatedLearningStandardItems>
      <LearningStandardItemRefId RelationshipType="childOf">0856B7AF53734c298794417B0229755C</LearningStandardItemRefId>
    </RelatedLearningStandardItems>
  </LearningStandardItem>
</LearningStandards>
