<?xml version="1.0" encoding="UTF-8"?>
<LearningStandards>
  <LearningStandardItem xml:lang="en" RefID="8B33F0AEDE1044e494A2AD2BA5796524">
    <RefURI>http://corestandards.org/ELA-Literacy/L/4/1/a/</RefURI>
    <StandardHierarchyLevel>
      <number>6</number>
      <description>Component</description>
    </StandardHierarchyLevel>
    <StatementCodes>
      <StatementCode>CCSS.ELA-Literacy.L.4.1a</StatementCode>
    </StatementCodes>
    <Statements>
      <Statement>Use relative pronouns (&lt;em&gt;who, whose, whom, which, that&lt;/em&gt;) and relative adverbs (&lt;em&gt;where, when, why&lt;/em&gt;).</Statement>
    </Statements>
    <GradeLevels>
      <GradeLevel>04</GradeLevel>
    </GradeLevels>
    <LearningStandardDocumentRefId>0FAC40650F514a459951A657F942B845</LearningStandardDocumentRefId>
    <RelatedLearningStandardItems>
      <LearningStandardItemRefId RelationshipType="childOf">22440D609BC04cfd8AAC62C7D8BE22C2</LearningStandardItemRefId>
    </RelatedLearningStandardItems>
  </LearningStandardItem>
</LearningStandards>
