<?xml version="1.0" encoding="UTF-8"?>
<LearningStandards>
  <LearningStandardItem xml:lang="en" RefID="C34A7209EE3E4969AA850420FEC6523F">
    <RefURI>http://corestandards.org/ELA-Literacy/L/1/1/</RefURI>
    <StandardHierarchyLevel>
      <number>6</number>
      <description>Standard</description>
    </StandardHierarchyLevel>
    <StatementCodes>
      <StatementCode>CCSS.ELA-Literacy.L.1.1</StatementCode>
    </StatementCodes>
    <Statements>
      <Statement>Demonstrate command of the conventions of standard English grammar and usage when writing or speaking.</Statement>
    </Statements>
    <GradeLevels>
      <GradeLevel>01</GradeLevel>
    </GradeLevels>
    <LearningStandardDocumentRefId>0FAC40650F514a459951A657F942B845</LearningStandardDocumentRefId>
    <RelatedLearningStandardItems>
      <LearningStandardItemRefId RelationshipType="childOf">CFDD8359D8EE4ed486A3EB0C6B0079E8</LearningStandardItemRefId>
    </RelatedLearningStandardItems>
  </LearningStandardItem>
  <LearningStandardItem xml:lang="en" RefID="445E2005937F4c27BDD22984651B07D2">
    <RefURI>http://corestandards.org/ELA-Literacy/L/1/1/a/</RefURI>
    <StandardHierarchyLevel>
      <number>7</number>
      <description>Component</description>
    </StandardHierarchyLevel>
    <StatementCodes>
      <StatementCode>CCSS.ELA-Literacy.L.1.1a</StatementCode>
    </StatementCodes>
    <Statements>
      <Statement>Print all upper- and lowercase letters.</Statement>
    </Statements>
    <GradeLevels>
      <GradeLevel>01</GradeLevel>
    </GradeLevels>
    <LearningStandardDocumentRefId>0FAC40650F514a459951A657F942B845</LearningStandardDocumentRefId>
    <RelatedLearningStandardItems>
      <LearningStandardItemRefId RelationshipType="childOf">C34A7209EE3E4969AA850420FEC6523F</LearningStandardItemRefId>
    </RelatedLearningStandardItems>
  </LearningStandardItem>
  <LearningStandardItem xml:lang="en" RefID="1B7E77E79A694a50825B27446D25B0A6">
    <RefURI>http://corestandards.org/ELA-Literacy/L/1/1/b/</RefURI>
    <StandardHierarchyLevel>
      <number>7</number>
      <description>Component</description>
    </StandardHierarchyLevel>
    <StatementCodes>
      <StatementCode>CCSS.ELA-Literacy.L.1.1b</StatementCode>
    </StatementCodes>
    <Statements>
      <Statement>Use common, proper, and possessive nouns.</Statement>
    </Statements>
    <GradeLevels>
      <GradeLevel>01</GradeLevel>
    </GradeLevels>
    <LearningStandardDocumentRefId>0FAC40650F514a459951A657F942B845</LearningStandardDocumentRefId>
    <RelatedLearningStandardItems>
      <LearningStandardItemRefId RelationshipType="childOf">C34A7209EE3E4969AA850420FEC6523F</LearningStandardItemRefId>
    </RelatedLearningStandardItems>
  </LearningStandardItem>
  <LearningStandardItem xml:lang="en" RefID="1B7E77E79A694a50825B27446D25B0A7">
    <RefURI>http://corestandards.org/ELA-Literacy/L/1/1/c/</RefURI>
    <StandardHierarchyLevel>
      <number>7</number>
      <description>Component</description>
    </StandardHierarchyLevel>
    <StatementCodes>
      <StatementCode>CCSS.ELA-Literacy.L.1.1c</StatementCode>
    </StatementCodes>
    <Statements>
      <Statement>Use singular and plural nouns with matching verbs in basic sentences (e.g., He hops; We hop).</Statement>
    </Statements>
    <GradeLevels>
      <GradeLevel>01</GradeLevel>
    </GradeLevels>
    <LearningStandardDocumentRefId>0FAC40650F514a459951A657F942B845</LearningStandardDocumentRefId>
    <RelatedLearningStandardItems>
      <LearningStandardItemRefId RelationshipType="childOf">C34A7209EE3E4969AA850420FEC6523F</LearningStandardItemRefId>
    </RelatedLearningStandardItems>
  </LearningStandardItem>
  <LearningStandardItem xml:lang="en" RefID="10029285FF6D4092B3A567A5F9B0E0F2">
    <RefURI>http://corestandards.org/ELA-Literacy/L/1/1/d/</RefURI>
    <StandardHierarchyLevel>
      <number>7</number>
      <description>Component</description>
    </StandardHierarchyLevel>
    <StatementCodes>
      <StatementCode>CCSS.ELA-Literacy.L.1.1d</StatementCode>
    </StatementCodes>
    <Statements>
      <Statement>Use personal, possessive, and indefinite pronouns (e.g., I, me, my; they, them, their, anyone, everything).</Statement>
    </Statements>
    <GradeLevels>
      <GradeLevel>01</GradeLevel>
    </GradeLevels>
    <LearningStandardDocumentRefId>0FAC40650F514a459951A657F942B845</LearningStandardDocumentRefId>
    <RelatedLearningStandardItems>
      <LearningStandardItemRefId RelationshipType="childOf">C34A7209EE3E4969AA850420FEC6523F</LearningStandardItemRefId>
    </RelatedLearningStandardItems>
  </LearningStandardItem>
  <LearningStandardItem xml:lang="en" RefID="10029285FF6D4092B3A567A5F9B0E0F3">
    <RefURI>http://corestandards.org/ELA-Literacy/L/1/1/e/</RefURI>
    <StandardHierarchyLevel>
      <number>7</number>
      <description>Component</description>
    </StandardHierarchyLevel>
    <StatementCodes>
      <StatementCode>CCSS.ELA-Literacy.L.1.1e</StatementCode>
    </StatementCodes>
    <Statements>
      <Statement>Use verbs to convey a sense of past, present, and future (e.g., Yesterday I walked home; Today I walk home; Tomorrow I will walk home).</Statement>
    </Statements>
    <GradeLevels>
      <GradeLevel>01</GradeLevel>
    </GradeLevels>
    <LearningStandardDocumentRefId>0FAC40650F514a459951A657F942B845</LearningStandardDocumentRefId>
    <RelatedLearningStandardItems>
      <LearningStandardItemRefId RelationshipType="childOf">C34A7209EE3E4969AA850420FEC6523F</LearningStandardItemRefId>
    </RelatedLearningStandardItems>
  </LearningStandardItem>
  <LearningStandardItem xml:lang="en" RefID="920C9FE426DD4bf4B811ADAACC68FC66">
    <RefURI>http://corestandards.org/ELA-Literacy/L/1/1/f/</RefURI>
    <StandardHierarchyLevel>
      <number>7</number>
      <description>Component</description>
    </StandardHierarchyLevel>
    <StatementCodes>
      <StatementCode>CCSS.ELA-Literacy.L.1.1f</StatementCode>
    </StatementCodes>
    <Statements>
      <Statement>Use frequently occurring adjectives.</Statement>
    </Statements>
    <GradeLevels>
      <GradeLevel>01</GradeLevel>
    </GradeLevels>
    <LearningStandardDocumentRefId>0FAC40650F514a459951A657F942B845</LearningStandardDocumentRefId>
    <RelatedLearningStandardItems>
      <LearningStandardItemRefId RelationshipType="childOf">C34A7209EE3E4969AA850420FEC6523F</LearningStandardItemRefId>
    </RelatedLearningStandardItems>
  </LearningStandardItem>
  <LearningStandardItem xml:lang="en" RefID="88C47D1E51D84a81ABA1008691A01CF9">
    <RefURI>http://corestandards.org/ELA-Literacy/L/1/1/g/</RefURI>
    <StandardHierarchyLevel>
      <number>7</number>
      <description>Component</description>
    </StandardHierarchyLevel>
    <StatementCodes>
      <StatementCode>CCSS.ELA-Literacy.L.1.1g</StatementCode>
    </StatementCodes>
    <Statements>
      <Statement>Use frequently occurring conjunctions (e.g., &lt;em&gt;and, but, or, so, because&lt;/em&gt;).</Statement>
    </Statements>
    <GradeLevels>
      <GradeLevel>01</GradeLevel>
    </GradeLevels>
    <LearningStandardDocumentRefId>0FAC40650F514a459951A657F942B845</LearningStandardDocumentRefId>
    <RelatedLearningStandardItems>
      <LearningStandardItemRefId RelationshipType="childOf">C34A7209EE3E4969AA850420FEC6523F</LearningStandardItemRefId>
    </RelatedLearningStandardItems>
  </LearningStandardItem>
  <LearningStandardItem xml:lang="en" RefID="2B41BAF75784418fB5C9D0A0A03232C5">
    <RefURI>http://corestandards.org/ELA-Literacy/L/1/1/h/</RefURI>
    <StandardHierarchyLevel>
      <number>7</number>
      <description>Component</description>
    </StandardHierarchyLevel>
    <StatementCodes>
      <StatementCode>CCSS.ELA-Literacy.L.1.1h</StatementCode>
    </StatementCodes>
    <Statements>
      <Statement>Use determiners (e.g., articles, demonstratives).</Statement>
    </Statements>
    <GradeLevels>
      <GradeLevel>01</GradeLevel>
    </GradeLevels>
    <LearningStandardDocumentRefId>0FAC40650F514a459951A657F942B845</LearningStandardDocumentRefId>
    <RelatedLearningStandardItems>
      <LearningStandardItemRefId RelationshipType="childOf">C34A7209EE3E4969AA850420FEC6523F</LearningStandardItemRefId>
    </RelatedLearningStandardItems>
  </LearningStandardItem>
  <LearningStandardItem xml:lang="en" RefID="30C76678C01D42b98F1509E453E2995A">
    <RefURI>http://corestandards.org/ELA-Literacy/L/1/1/i/</RefURI>
    <StandardHierarchyLevel>
      <number>7</number>
      <description>Component</description>
    </StandardHierarchyLevel>
    <StatementCodes>
      <StatementCode>CCSS.ELA-Literacy.L.1.1i</StatementCode>
    </StatementCodes>
    <Statements>
      <Statement>Use frequently occurring prepositions (e.g., &lt;em&gt;during, beyond, toward&lt;/em&gt;).</Statement>
    </Statements>
    <GradeLevels>
      <GradeLevel>01</GradeLevel>
    </GradeLevels>
    <LearningStandardDocumentRefId>0FAC40650F514a459951A657F942B845</LearningStandardDocumentRefId>
    <RelatedLearningStandardItems>
      <LearningStandardItemRefId RelationshipType="childOf">C34A7209EE3E4969AA850420FEC6523F</LearningStandardItemRefId>
    </RelatedLearningStandardItems>
  </LearningStandardItem>
  <LearningStandardItem xml:lang="en" RefID="C87F832EF0E94e02990D79EC5FC6BA01">
    <RefURI>http://corestandards.org/ELA-Literacy/L/1/1/j/</RefURI>
    <StandardHierarchyLevel>
      <number>7</number>
      <description>Component</description>
    </StandardHierarchyLevel>
    <StatementCodes>
      <StatementCode>CCSS.ELA-Literacy.L.1.1j</StatementCode>
    </StatementCodes>
    <Statements>
      <Statement>Produce and expand complete simple and compound declarative, interrogative, imperative, and exclamatory sentences in response to prompts.</Statement>
    </Statements>
    <GradeLevels>
      <GradeLevel>01</GradeLevel>
    </GradeLevels>
    <LearningStandardDocumentRefId>0FAC40650F514a459951A657F942B845</LearningStandardDocumentRefId>
    <RelatedLearningStandardItems>
      <LearningStandardItemRefId RelationshipType="childOf">C34A7209EE3E4969AA850420FEC6523F</LearningStandardItemRefId>
    </RelatedLearningStandardItems>
  </LearningStandardItem>
  <LearningStandardItem xml:lang="en" RefID="E96639EA8D474a4cA959F62E863F2638">
    <RefURI>http://corestandards.org/ELA-Literacy/L/1/2/</RefURI>
    <StandardHierarchyLevel>
      <number>6</number>
      <description>Standard</description>
    </StandardHierarchyLevel>
    <StatementCodes>
      <StatementCode>CCSS.ELA-Literacy.L.1.2</StatementCode>
    </StatementCodes>
    <Statements>
      <Statement>Demonstrate command of the conventions of standard English capitalization, punctuation, and spelling when writing.</Statement>
    </Statements>
    <GradeLevels>
      <GradeLevel>01</GradeLevel>
    </GradeLevels>
    <LearningStandardDocumentRefId>0FAC40650F514a459951A657F942B845</LearningStandardDocumentRefId>
    <RelatedLearningStandardItems>
      <LearningStandardItemRefId RelationshipType="childOf">CFDD8359D8EE4ed486A3EB0C6B0079E8</LearningStandardItemRefId>
    </RelatedLearningStandardItems>
  </LearningStandardItem>
  <LearningStandardItem xml:lang="en" RefID="218D8BCC9F91488193A6C4F92492A644">
    <RefURI>http://corestandards.org/ELA-Literacy/L/1/2/a/</RefURI>
    <StandardHierarchyLevel>
      <number>7</number>
      <description>Component</description>
    </StandardHierarchyLevel>
    <StatementCodes>
      <StatementCode>CCSS.ELA-Literacy.L.1.2a</StatementCode>
    </StatementCodes>
    <Statements>
      <Statement>Capitalize dates and names of people.</Statement>
    </Statements>
    <GradeLevels>
      <GradeLevel>01</GradeLevel>
    </GradeLevels>
    <LearningStandardDocumentRefId>0FAC40650F514a459951A657F942B845</LearningStandardDocumentRefId>
    <RelatedLearningStandardItems>
      <LearningStandardItemRefId RelationshipType="childOf">E96639EA8D474a4cA959F62E863F2638</LearningStandardItemRefId>
    </RelatedLearningStandardItems>
  </LearningStandardItem>
  <LearningStandardItem xml:lang="en" RefID="3E4CA22DE9F94e008EE696ADD5E558D0">
    <RefURI>http://corestandards.org/ELA-Literacy/L/1/2/b/</RefURI>
    <StandardHierarchyLevel>
      <number>7</number>
      <description>Component</description>
    </StandardHierarchyLevel>
    <StatementCodes>
      <StatementCode>CCSS.ELA-Literacy.L.1.2b</StatementCode>
    </StatementCodes>
    <Statements>
      <Statement>Use end punctuation for sentences.</Statement>
    </Statements>
    <GradeLevels>
      <GradeLevel>01</GradeLevel>
    </GradeLevels>
    <LearningStandardDocumentRefId>0FAC40650F514a459951A657F942B845</LearningStandardDocumentRefId>
    <RelatedLearningStandardItems>
      <LearningStandardItemRefId RelationshipType="childOf">E96639EA8D474a4cA959F62E863F2638</LearningStandardItemRefId>
    </RelatedLearningStandardItems>
  </LearningStandardItem>
  <LearningStandardItem xml:lang="en" RefID="2C3604A2A7454f84A2550DA3ABB791E2">
    <RefURI>http://corestandards.org/ELA-Literacy/L/1/2/c/</RefURI>
    <StandardHierarchyLevel>
      <number>7</number>
      <description>Component</description>
    </StandardHierarchyLevel>
    <StatementCodes>
      <StatementCode>CCSS.ELA-Literacy.L.1.2c</StatementCode>
    </StatementCodes>
    <Statements>
      <Statement>Use commas in dates and to separate single words in a series.</Statement>
    </Statements>
    <GradeLevels>
      <GradeLevel>01</GradeLevel>
    </GradeLevels>
    <LearningStandardDocumentRefId>0FAC40650F514a459951A657F942B845</LearningStandardDocumentRefId>
    <RelatedLearningStandardItems>
      <LearningStandardItemRefId RelationshipType="childOf">E96639EA8D474a4cA959F62E863F2638</LearningStandardItemRefId>
    </RelatedLearningStandardItems>
  </LearningStandardItem>
  <LearningStandardItem xml:lang="en" RefID="6CAA45DBDFA64838B0744CB1468C92C7">
    <RefURI>http://corestandards.org/ELA-Literacy/L/1/2/d/</RefURI>
    <StandardHierarchyLevel>
      <number>7</number>
      <description>Component</description>
    </StandardHierarchyLevel>
    <StatementCodes>
      <StatementCode>CCSS.ELA-Literacy.L.1.2d</StatementCode>
    </StatementCodes>
    <Statements>
      <Statement>Use conventional spelling for words with common spelling patterns and for frequently occurring irregular words.</Statement>
    </Statements>
    <GradeLevels>
      <GradeLevel>01</GradeLevel>
    </GradeLevels>
    <LearningStandardDocumentRefId>0FAC40650F514a459951A657F942B845</LearningStandardDocumentRefId>
    <RelatedLearningStandardItems>
      <LearningStandardItemRefId RelationshipType="childOf">E96639EA8D474a4cA959F62E863F2638</LearningStandardItemRefId>
    </RelatedLearningStandardItems>
  </LearningStandardItem>
  <LearningStandardItem xml:lang="en" RefID="856C3C6A078841efB089C47C5EFF6C31">
    <RefURI>http://corestandards.org/ELA-Literacy/L/1/2/e/</RefURI>
    <StandardHierarchyLevel>
      <number>7</number>
      <description>Component</description>
    </StandardHierarchyLevel>
    <StatementCodes>
      <StatementCode>CCSS.ELA-Literacy.L.1.2e</StatementCode>
    </StatementCodes>
    <Statements>
      <Statement>Spell untaught words phonetically, drawing on phonemic awareness and spelling conventions.</Statement>
    </Statements>
    <GradeLevels>
      <GradeLevel>01</GradeLevel>
    </GradeLevels>
    <LearningStandardDocumentRefId>0FAC40650F514a459951A657F942B845</LearningStandardDocumentRefId>
    <RelatedLearningStandardItems>
      <LearningStandardItemRefId RelationshipType="childOf">E96639EA8D474a4cA959F62E863F2638</LearningStandardItemRefId>
    </RelatedLearningStandardItems>
  </LearningStandardItem>
  <LearningStandardItem xml:lang="en" RefID="">
    <RefURI>http://corestandards.org/ELA-Literacy/L/1/3/</RefURI>
    <StandardHierarchyLevel>
      <number>6</number>
      <description>Standard</description>
    </StandardHierarchyLevel>
    <StatementCodes>
      <StatementCode></StatementCode>
    </StatementCodes>
    <Statements>
      <Statement>(L.1.3 begins in grade 2)</Statement>
    </Statements>
    <GradeLevels>
      <GradeLevel>01</GradeLevel>
    </GradeLevels>
    <LearningStandardDocumentRefId>0FAC40650F514a459951A657F942B845</LearningStandardDocumentRefId>
    <RelatedLearningStandardItems>
      <LearningStandardItemRefId RelationshipType="childOf">CFDD8359D8EE4ed486A3EB0C6B0079E8</LearningStandardItemRefId>
    </RelatedLearningStandardItems>
  </LearningStandardItem>
  <LearningStandardItem xml:lang="en" RefID="6432FBBE478242989943264B43742062">
    <RefURI>http://corestandards.org/ELA-Literacy/L/1/4/</RefURI>
    <StandardHierarchyLevel>
      <number>6</number>
      <description>Standard</description>
    </StandardHierarchyLevel>
    <StatementCodes>
      <StatementCode>CCSS.ELA-Literacy.L.1.4</StatementCode>
    </StatementCodes>
    <Statements>
      <Statement>Determine or clarify the meaning of unknown and multiple-meaning words and phrases based on &lt;em&gt;grade 1 reading and content&lt;/em&gt;, choosing flexibly from an array of strategies.</Statement>
    </Statements>
    <GradeLevels>
      <GradeLevel>01</GradeLevel>
    </GradeLevels>
    <LearningStandardDocumentRefId>0FAC40650F514a459951A657F942B845</LearningStandardDocumentRefId>
    <RelatedLearningStandardItems>
      <LearningStandardItemRefId RelationshipType="childOf">CFDD8359D8EE4ed486A3EB0C6B0079E8</LearningStandardItemRefId>
    </RelatedLearningStandardItems>
  </LearningStandardItem>
  <LearningStandardItem xml:lang="en" RefID="5392593304F3471b9821DC309DC1B06F">
    <RefURI>http://corestandards.org/ELA-Literacy/L/1/4/a/</RefURI>
    <StandardHierarchyLevel>
      <number>7</number>
      <description>Component</description>
    </StandardHierarchyLevel>
    <StatementCodes>
      <StatementCode>CCSS.ELA-Literacy.L.1.4a</StatementCode>
    </StatementCodes>
    <Statements>
      <Statement>Use sentence-level context as a clue to the meaning of a word or phrase.</Statement>
    </Statements>
    <GradeLevels>
      <GradeLevel>01</GradeLevel>
    </GradeLevels>
    <LearningStandardDocumentRefId>0FAC40650F514a459951A657F942B845</LearningStandardDocumentRefId>
    <RelatedLearningStandardItems>
      <LearningStandardItemRefId RelationshipType="childOf">6432FBBE478242989943264B43742062</LearningStandardItemRefId>
    </RelatedLearningStandardItems>
  </LearningStandardItem>
  <LearningStandardItem xml:lang="en" RefID="7159281813A1404384A2B1DC028C8248">
    <RefURI>http://corestandards.org/ELA-Literacy/L/1/4/b/</RefURI>
    <StandardHierarchyLevel>
      <number>7</number>
      <description>Component</description>
    </StandardHierarchyLevel>
    <StatementCodes>
      <StatementCode>CCSS.ELA-Literacy.L.1.4b</StatementCode>
    </StatementCodes>
    <Statements>
      <Statement>Use frequently occurring affixes as a clue to the meaning of a word.</Statement>
    </Statements>
    <GradeLevels>
      <GradeLevel>01</GradeLevel>
    </GradeLevels>
    <LearningStandardDocumentRefId>0FAC40650F514a459951A657F942B845</LearningStandardDocumentRefId>
    <RelatedLearningStandardItems>
      <LearningStandardItemRefId RelationshipType="childOf">6432FBBE478242989943264B43742062</LearningStandardItemRefId>
    </RelatedLearningStandardItems>
  </LearningStandardItem>
  <LearningStandardItem xml:lang="en" RefID="755BC1A531884d5581F9479770EFCEC1">
    <RefURI>http://corestandards.org/ELA-Literacy/L/1/4/c/</RefURI>
    <StandardHierarchyLevel>
      <number>7</number>
      <description>Component</description>
    </StandardHierarchyLevel>
    <StatementCodes>
      <StatementCode>CCSS.ELA-Literacy.L.1.4c</StatementCode>
    </StatementCodes>
    <Statements>
      <Statement>Identify frequently occurring root words (e.g., &lt;em&gt;look&lt;/em&gt;) and their inflectional forms (e.g., &lt;em&gt;looks, looked, looking&lt;/em&gt;).</Statement>
    </Statements>
    <GradeLevels>
      <GradeLevel>01</GradeLevel>
    </GradeLevels>
    <LearningStandardDocumentRefId>0FAC40650F514a459951A657F942B845</LearningStandardDocumentRefId>
    <RelatedLearningStandardItems>
      <LearningStandardItemRefId RelationshipType="childOf">6432FBBE478242989943264B43742062</LearningStandardItemRefId>
    </RelatedLearningStandardItems>
  </LearningStandardItem>
  <LearningStandardItem xml:lang="en" RefID="D6149832B039495eBACBC94491BD7028">
    <RefURI>http://corestandards.org/ELA-Literacy/L/1/5/</RefURI>
    <StandardHierarchyLevel>
      <number>6</number>
      <description>Standard</description>
    </StandardHierarchyLevel>
    <StatementCodes>
      <StatementCode>CCSS.ELA-Literacy.L.1.5</StatementCode>
    </StatementCodes>
    <Statements>
      <Statement>With guidance and support from adults, demonstrate understanding of word relationships and nuances in word meanings.</Statement>
    </Statements>
    <GradeLevels>
      <GradeLevel>01</GradeLevel>
    </GradeLevels>
    <LearningStandardDocumentRefId>0FAC40650F514a459951A657F942B845</LearningStandardDocumentRefId>
    <RelatedLearningStandardItems>
      <LearningStandardItemRefId RelationshipType="childOf">CFDD8359D8EE4ed486A3EB0C6B0079E8</LearningStandardItemRefId>
    </RelatedLearningStandardItems>
  </LearningStandardItem>
  <LearningStandardItem xml:lang="en" RefID="A9C64C2752824c65BEC4CFF30E25BA39">
    <RefURI>http://corestandards.org/ELA-Literacy/L/1/5/a/</RefURI>
    <StandardHierarchyLevel>
      <number>7</number>
      <description>Component</description>
    </StandardHierarchyLevel>
    <StatementCodes>
      <StatementCode>CCSS.ELA-Literacy.L.1.5a</StatementCode>
    </StatementCodes>
    <Statements>
      <Statement>Sort words into categories (e.g., colors, clothing) to gain a sense of the concepts the categories represent.</Statement>
    </Statements>
    <GradeLevels>
      <GradeLevel>01</GradeLevel>
    </GradeLevels>
    <LearningStandardDocumentRefId>0FAC40650F514a459951A657F942B845</LearningStandardDocumentRefId>
    <RelatedLearningStandardItems>
      <LearningStandardItemRefId RelationshipType="childOf">D6149832B039495eBACBC94491BD7028</LearningStandardItemRefId>
    </RelatedLearningStandardItems>
  </LearningStandardItem>
  <LearningStandardItem xml:lang="en" RefID="199809FADEDC49f0AEC38FB86823D45E">
    <RefURI>http://corestandards.org/ELA-Literacy/L/1/5/b/</RefURI>
    <StandardHierarchyLevel>
      <number>7</number>
      <description>Component</description>
    </StandardHierarchyLevel>
    <StatementCodes>
      <StatementCode>CCSS.ELA-Literacy.L.1.5b</StatementCode>
    </StatementCodes>
    <Statements>
      <Statement>Define words by category and by one or more key attributes (e.g., a &lt;em&gt;duck&lt;/em&gt; is a bird that swims; a &lt;em&gt;tiger&lt;/em&gt; is a large cat with stripes).</Statement>
    </Statements>
    <GradeLevels>
      <GradeLevel>01</GradeLevel>
    </GradeLevels>
    <LearningStandardDocumentRefId>0FAC40650F514a459951A657F942B845</LearningStandardDocumentRefId>
    <RelatedLearningStandardItems>
      <LearningStandardItemRefId RelationshipType="childOf">D6149832B039495eBACBC94491BD7028</LearningStandardItemRefId>
    </RelatedLearningStandardItems>
  </LearningStandardItem>
  <LearningStandardItem xml:lang="en" RefID="48CDCAEDD68C4b4882AD8B6A43128FD4">
    <RefURI>http://corestandards.org/ELA-Literacy/L/1/5/c/</RefURI>
    <StandardHierarchyLevel>
      <number>7</number>
      <description>Component</description>
    </StandardHierarchyLevel>
    <StatementCodes>
      <StatementCode>CCSS.ELA-Literacy.L.1.5c</StatementCode>
    </StatementCodes>
    <Statements>
      <Statement>Identify real-life connections between words and their use (e.g., note places at home that are &lt;em&gt;cozy&lt;/em&gt;).</Statement>
    </Statements>
    <GradeLevels>
      <GradeLevel>01</GradeLevel>
    </GradeLevels>
    <LearningStandardDocumentRefId>0FAC40650F514a459951A657F942B845</LearningStandardDocumentRefId>
    <RelatedLearningStandardItems>
      <LearningStandardItemRefId RelationshipType="childOf">D6149832B039495eBACBC94491BD7028</LearningStandardItemRefId>
    </RelatedLearningStandardItems>
  </LearningStandardItem>
  <LearningStandardItem xml:lang="en" RefID="BFC22C3036C549c988FA3F95F64E3BDA">
    <RefURI>http://corestandards.org/ELA-Literacy/L/1/5/d/</RefURI>
    <StandardHierarchyLevel>
      <number>7</number>
      <description>Component</description>
    </StandardHierarchyLevel>
    <StatementCodes>
      <StatementCode>CCSS.ELA-Literacy.L.1.5d</StatementCode>
    </StatementCodes>
    <Statements>
      <Statement>Distinguish shades of meaning among verbs differing in manner (e.g., &lt;em&gt;look, peek, glance, stare, glare, scowl&lt;/em&gt;) and adjectives differing in intensity (e.g., large, gigantic) by defining or choosing them or by acting out the meanings.</Statement>
    </Statements>
    <GradeLevels>
      <GradeLevel>01</GradeLevel>
    </GradeLevels>
    <LearningStandardDocumentRefId>0FAC40650F514a459951A657F942B845</LearningStandardDocumentRefId>
    <RelatedLearningStandardItems>
      <LearningStandardItemRefId RelationshipType="childOf">D6149832B039495eBACBC94491BD7028</LearningStandardItemRefId>
    </RelatedLearningStandardItems>
  </LearningStandardItem>
  <LearningStandardItem xml:lang="en" RefID="8BFCC9F624114dbd8B30C1F39E7233D9">
    <RefURI>http://corestandards.org/ELA-Literacy/L/1/6/</RefURI>
    <StandardHierarchyLevel>
      <number>6</number>
      <description>Standard</description>
    </StandardHierarchyLevel>
    <StatementCodes>
      <StatementCode>CCSS.ELA-Literacy.L.1.6</StatementCode>
    </StatementCodes>
    <Statements>
      <Statement>Use words and phrases acquired through conversations, reading and being read to, and responding to texts, including using frequently occurring conjunctions to signal simple relationships (e.g., &lt;em&gt;because&lt;/em&gt;).</Statement>
    </Statements>
    <GradeLevels>
      <GradeLevel>01</GradeLevel>
    </GradeLevels>
    <LearningStandardDocumentRefId>0FAC40650F514a459951A657F942B845</LearningStandardDocumentRefId>
    <RelatedLearningStandardItems>
      <LearningStandardItemRefId RelationshipType="childOf">CFDD8359D8EE4ed486A3EB0C6B0079E8</LearningStandardItemRefId>
    </RelatedLearningStandardItems>
  </LearningStandardItem>
</LearningStandards>
