<?xml version="1.0" encoding="UTF-8"?>
<LearningStandards>
  <LearningStandardItem xml:lang="en" RefID="76999C507DFA428eB79E60BE974C7626">
    <RefURI>http://corestandards.org/ELA-Literacy/RI/3/10/</RefURI>
    <StandardHierarchyLevel>
      <number>6</number>
      <description>Standard</description>
    </StandardHierarchyLevel>
    <StatementCodes>
      <StatementCode>CCSS.ELA-Literacy.RI.3.10</StatementCode>
    </StatementCodes>
    <Statements>
      <Statement>By the end of the year, read and comprehend informational texts, including history/social studies, science, and technical texts, at the high end of the grades 2&amp;ndash;3 text complexity band independently and proficiently.</Statement>
    </Statements>
    <GradeLevels>
      <GradeLevel>03</GradeLevel>
    </GradeLevels>
    <LearningStandardDocumentRefId>0FAC40650F514a459951A657F942B845</LearningStandardDocumentRefId>
    <RelatedLearningStandardItems>
      <LearningStandardItemRefId RelationshipType="childOf">2B4F2AF411E147c9BB5E9D5365591ABF</LearningStandardItemRefId>
    </RelatedLearningStandardItems>
  </LearningStandardItem>
</LearningStandards>
