<?xml version="1.0" encoding="UTF-8"?>
<LearningStandards>
  <LearningStandardItem xml:lang="en" RefID="C124D5F02C9F4ef4AB146F9FEB0528EF">
    <RefURI>http://corestandards.org/ELA-Literacy/RI/3/7/</RefURI>
    <StandardHierarchyLevel>
      <number>6</number>
      <description>Standard</description>
    </StandardHierarchyLevel>
    <StatementCodes>
      <StatementCode>CCSS.ELA-Literacy.RI.3.7</StatementCode>
    </StatementCodes>
    <Statements>
      <Statement>Use information gained from illustrations (e.g., maps, photographs) and the words in a text to demonstrate understanding of the text (e.g., where, when, why, and how key events occur).&lt;/li&gt;
</Statement>
    </Statements>
    <GradeLevels>
      <GradeLevel>03</GradeLevel>
    </GradeLevels>
    <LearningStandardDocumentRefId>0FAC40650F514a459951A657F942B845</LearningStandardDocumentRefId>
    <RelatedLearningStandardItems>
      <LearningStandardItemRefId RelationshipType="childOf">2B4F2AF411E147c9BB5E9D5365591ABF</LearningStandardItemRefId>
    </RelatedLearningStandardItems>
  </LearningStandardItem>
</LearningStandards>
