<?xml version="1.0" encoding="UTF-8"?>
<LearningStandards>
  <LearningStandardItem xml:lang="en" RefID="BCAB98E59AAD4dd0939C6055DD3E4CA7">
    <RefURI>http://corestandards.org/ELA-Literacy/L/2/4/e/</RefURI>
    <StandardHierarchyLevel>
      <number>6</number>
      <description>Component</description>
    </StandardHierarchyLevel>
    <StatementCodes>
      <StatementCode>CCSS.ELA-Literacy.L.2.4e</StatementCode>
    </StatementCodes>
    <Statements>
      <Statement>Use glossaries and beginning dictionaries, both print and digital, to determine or clarify the meaning of words and phrases.</Statement>
    </Statements>
    <GradeLevels>
      <GradeLevel>02</GradeLevel>
    </GradeLevels>
    <LearningStandardDocumentRefId>0FAC40650F514a459951A657F942B845</LearningStandardDocumentRefId>
    <RelatedLearningStandardItems>
      <LearningStandardItemRefId RelationshipType="childOf">2714F0E3029D4d0c9E76491D7FAC4E2A</LearningStandardItemRefId>
    </RelatedLearningStandardItems>
  </LearningStandardItem>
</LearningStandards>
